MOM	NINO12	NINO12A	NINO3	NINO3A	NINO4	NINO4A	NINO34	NINO34A	CHEIA	CHEIAA	TEMPMINM	TEMPMINMA	TEMPMAXM	TEMPMAXMA	PRECACUM	PRECACUMA
1/1961	24.59	-0.13	25.15	-0.64	28.04	-0.31	26.35	-0.36	2123		22,693548		30,516129		285.9	
2/1961	26.46	0.28	26.24	-0.30	27.94	-0.26	26.51	-0.37	2253		22,064286		30,010714		332.3	
3/1961	25.88	-0.68	26.85	-0.44	27.91	-0.41	26.90	-0.46	2296		23,032258		30,990323		237.6	
4/1961	25.04	-0.63	27.45	-0.16	28.03	-0.56	27.36	-0.49	2429		22,93		31,193333		353.00	
5/1961	23.68	-0.79	27.08	-0.21	28.39	-0.50	27.72	-0.24	2564		22,822581		30,919355		327.5	
6/1961	22.20	-0.95	26.42	-0.21	28.71	-0.19	27.72	-0.01	2672		22,253333		30,84		98.2	
7/1961	20.73	-1.32	25.05	-0.77	28.34	-0.50	27.08	-0.23	2709		21,780645		32,351613		33.00	
8/1961	20.02	-1.09	24.27	-0.96	28.14	-0.62	26.29	-0.67	2607		22,387097		34,470968		6.9	
9/1961	19.73	-1.13	23.74	-1.34	28.18	-0.61	25.96	-0.91	2142		22,576667		34,196667		51.7	
10/1961	20.26	-0.91	23.88	-1.24	27.96	-0.81	25.87	-0.96	1645		22,477419		31,835484		123.00	
11/1961	21.37	-0.48	24.43	-0.76	28.15	-0.56	26.15	-0.63	1803		22,396667		32,576667		145.9	
12/1961	22.42	-0.66	24.70	-0.66	28.10	-0.47	26.15	-0.58	1962		22,309677		30,503226		353.1	
1/1962	24.22	-0.49	25.25	-0.55	27.75	-0.60	26.15	-0.56	2159		22,412903		31,006452		406.1	
2/1962	25.29	-0.88	26.03	-0.51	27.69	-0.51	26.28	-0.60	2285		22,514286		30,321429		399.4	
3/1962	24.65	-1.92	26.57	-0.71	27.97	-0.34	26.81	-0.55	2419		22,574194		30,635484		307.9	
4/1962	23.70	-1.97	26.67	-0.94	28.21	-0.37	27.22	-0.63	2585		22,886667		30,116667		299.00	
5/1962	23.20	-1.27	26.33	-0.96	28.31	-0.57	27.20	-0.76	2718		22,751613		30,567742		260.5	
6/1962	21.97	-1.18	25.84	-0.79	28.45	-0.45	27.19	-0.54	2811		21,94		30,82		108.5	
7/1962	20.91	-1.14	25.17	-0.64	28.26	-0.58	26.87	-0.44	2822		22,283871		31,687097		47.3	
8/1962	20.24	-0.87	24.73	-0.50	28.10	-0.67	26.40	-0.56	2720		22,006452		33,080645		34.00	
9/1962	20.12	-0.74	24.20	-0.87	28.11	-0.67	26.01	-0.86	2393		22,973333		34,593333		12.8	
10/1962	20.18	-0.99	24.27	-0.85	28.10	-0.68	26.11	-0.72	1828		23,312903		33,6		125.4	
11/1962	20.94	-0.91	24.13	-1.06	28.10	-0.60	25.87	-0.91	1825		23,096667		31,936667		107.6	
12/1962	21.91	-1.18	24.21	-1.15	27.90	-0.67	25.82	-0.90	1904		23,245161		31,877419		132.00	
1/1963	23.98	-0.74	24.93	-0.86	27.69	-0.66	25.94	-0.77	1786		22,316129		30,529032		265.1	
2/1963	25.48	-0.70	25.81	-0.73	27.69	-0.51	26.31	-0.57	1970		22,414286		30,107143		182.2	
3/1963	25.83	-0.73	26.92	-0.37	28.04	-0.28	27.15	-0.21	2254		22,6		30,296774		239.5	
4/1963	24.34	-1.33	27.52	-0.09	28.34	-0.25	27.76	-0.09	2480		22,806667		30,67		313.3	
5/1963	23.89	-0.59	27.02	-0.27	28.53	-0.35	27.59	-0.37	2648		22,929032		31,248387		243.3	
6/1963	22.46	-0.69	26.66	0.03	28.44	-0.46	27.62	-0.11	2722		22,536667		31,323333		122.4	
7/1963	21.73	-0.32	26.28	0.47	28.63	-0.22	27.78	0.48	2662		22,319355		32,551613		46.7	
8/1963	21.18	0.08	25.70	0.47	28.83	0.07	27.48	0.52	2380		23,041935		34,290323		5.4	
9/1963	20.88	0.02	25.42	0.35	29.07	0.28	27.44	0.57	1892		23,816667		35,123333		45.3	
10/1963	20.99	-0.18	25.50	0.38	29.14	0.37	27.46	0.63	1450		24,145161		34,712903		84.3	
11/1963	21.32	-0.52	25.67	0.48	28.91	0.21	27.43	0.65	1515		22,99		31,916667		239.6	
12/1963	22.41	-0.67	25.96	0.60	28.66	0.08	27.56	0.84	1776		23,419355		31,154839		184.3	
1/1964	23.94	-0.77	26.01	0.21	28.57	0.22	27.33	0.62	1979		23,851613		31,580645		159.00	
2/1964	24.93	-1.25	26.34	-0.20	28.30	0.09	27.21	0.33	1867		23,613793		31,055172		140.3	
3/1964	25.11	-1.46	26.73	-0.56	28.00	-0.32	27.05	-0.31	1955		23,029032		30,793548		426.00	
4/1964	24.47	-1.20	26.39	-1.22	28.28	-0.31	27.05	-0.79	2257		23,006667		31,01		295.3	
5/1964	22.20	-2.27	25.69	-1.60	28.48	-0.40	27.01	-0.95	2482		23,080645		30,254839		268.1	
6/1964	21.43	-1.71	25.19	-1.44	28.21	-0.69	26.67	-1.06	2562		22,583333		31,203333		125.9	
7/1964	20.20	-1.84	24.75	-1.07	27.96	-0.89	26.28	-1.02	2577		22,229032		31,970968		61.6	
8/1964	19.58	-1.53	23.70	-1.54	27.66	-1.11	25.73	-1.23	2461		22,787097		33,36129		92.6	
9/1964	19.71	-1.15	23.93	-1.14	27.29	-1.50	25.51	-1.36	2242		22,92		33,553333		40.7	
10/1964	19.68	-1.49	23.94	-1.18	27.39	-1.39	25.54	-1.29	2035		22,954839		33,106452		135.2	
11/1964	20.91	-0.93	24.05	-1.14	27.23	-1.47	25.43	-1.34	1907		23,046667		32,633333		231.00	
12/1964	21.72	-1.37	23.86	-1.50	27.27	-1.30	25.42	-1.31	1921		22,654839		30,709677		312.2	
1/1965	23.89	-0.83	24.76	-1.03	27.58	-0.77	25.78	-0.93	1945		22,948387		30,496774		169.5	
2/1965	25.84	-0.33	25.94	-0.60	27.72	-0.49	26.33	-0.55	2060		22,803571		30,7		247.7	
3/1965	26.35	-0.22	26.94	-0.35	27.90	-0.42	26.98	-0.38	2128		22,9		29,548387		532.5	
4/1965	26.48	0.80	27.49	-0.13	28.00	-0.58	27.49	-0.36	2409		23,006667		30,036667		284.2	
5/1965	25.74	1.27	27.56	0.26	28.66	-0.23	27.97	0.01	2579		23,016129		30,145161		268.9	
6/1965	24.17	1.02	27.12	0.49	28.98	0.09	28.09	0.37	2652		22,786667		31,353333		64.2	
7/1965	22.98	0.94	26.48	0.67	28.93	0.09	27.94	0.63	2605		22,564516		32,093548		45.7	
8/1965	22.23	1.12	26.09	0.86	29.05	0.28	27.88	0.92	2450		23,003226		33,674194		3.4	
9/1965	21.10	0.24	25.92	0.84	29.01	0.22	27.92	1.05	2093		24,096667		34,726667		13.6	
10/1965	21.31	0.14	26.13	1.01	29.24	0.47	28.14	1.31	1781		24,551613		34,351613		138.6	
11/1965	21.92	0.07	26.31	1.12	29.20	0.50	28.06	1.29	1686		24,18		32,28		76.8	
12/1965	23.11	0.03	26.42	1.06	29.01	0.43	27.90	1.17	1965		23,903226		31,641935		196.00	
1/1966	25.00	0.29	26.59	0.79	28.74	0.40	27.66	0.95	2081		23,667742		30,564516		273.3	
2/1966	25.80	-0.37	26.82	0.27	28.70	0.49	27.53	0.65	2208		23,689286		30,964286		178.1	
3/1966	25.39	-1.17	27.21	-0.07	29.07	0.75	28.10	0.74	2297		23,374194		30,809677		172.9	
4/1966	24.44	-1.23	27.41	-0.20	28.80	0.21	28.14	0.29	2410		23,53		30,866667		292.6	
5/1966	23.07	-1.40	26.40	-0.89	28.97	0.09	27.66	-0.30	2523		23,374194		30,696774		359.1	
6/1966	21.79	-1.36	26.01	-0.62	29.05	0.15	27.75	0.02	2626		23,18		31,27		161.6	
7/1966	20.78	-1.27	25.37	-0.44	29.01	0.17	27.27	-0.04	2558		23,180645		31,929032		122.2	
8/1966	20.09	-1.02	24.52	-0.71	28.65	-0.11	26.57	-0.39	2349		22,851613		32,651613		110.4	
9/1966	19.88	-0.98	24.21	-0.86	28.70	-0.08	26.45	-0.43	2031		23,07		32,423333		103.4	
10/1966	20.49	-0.67	24.41	-0.70	28.66	-0.11	26.41	-0.42	1776		23,670968		34,103226		29.5	
11/1966	21.00	-0.85	24.32	-0.87	28.68	-0.02	26.39	-0.39	1704		23,33		31,633333		318.5	
12/1966	22.41	-0.68	24.29	-1.07	28.38	-0.20	26.16	-0.56	1851		23,332258		31,13871		222.3	
1/1967	23.78	-0.93	25.08	-0.72	27.63	-0.72	26.05	-0.66	2088		22,96129		29,535484		301.6	
2/1967	25.59	-0.58	26.09	-0.45	27.42	-0.79	26.22	-0.66	2390		23,010714		29,903571		249.2	
3/1967	25.37	-1.19	26.43	-0.86	27.86	-0.46	26.51	-0.85	2515		22,970968		30,080645		435.00	
4/1967	24.99	-0.68	26.58	-1.03	28.36	-0.23	26.84	-1.01	2606		23,093333		30,51		495.4	
5/1967	23.90	-0.57	26.75	-0.54	28.67	-0.22	27.43	-0.53	2712		23,367742		30,816129		204.3	
6/1967	22.22	-0.93	26.40	-0.23	28.58	-0.31	27.57	-0.16	2785		23,043333		31,386667		124.4	
7/1967	21.16	-0.89	25.28	-0.54	28.50	-0.34	27.01	-0.30	2749		22,632258		32,087097		34.2	
8/1967	20.11	-1.00	24.31	-0.93	28.31	-0.45	26.49	-0.47	2621		23,074194		33,751613		2.6	
9/1967	19.27	-1.59	23.72	-1.35	28.23	-0.56	25.97	-0.90	2329		23,306667		35,096667		6.7	
10/1967	19.46	-1.71	23.81	-1.30	28.36	-0.41	26.08	-0.75	1764		23,903226		34,296774		11.2	
11/1967	20.07	-1.78	23.97	-1.22	28.35	-0.35	26.15	-0.62	1777		23,696667		32,506667		131.9	
12/1967	21.20	-1.88	24.13	-1.22	28.26	-0.31	25.98	-0.74	1856		23,774194		32,635484		123.1	
1/1968	23.19	-1.52	24.37	-1.43	27.92	-0.43	25.73	-0.98	1976		22,790323		30,46129		282.2	
2/1968	24.92	-1.26	24.93	-1.61	27.80	-0.40	25.70	-1.18	2165		23,251724		30,793103		182.6	
3/1968	25.15	-1.42	25.85	-1.44	27.94	-0.38	26.27	-1.09	2264		22,470968		30,012903		632.8	
4/1968	24.22	-1.46	26.63	-0.98	28.22	-0.37	27.08	-0.77	2426		23,136667		30,463333		302.6	
5/1968	22.86	-1.61	26.25	-1.04	28.34	-0.54	27.31	-0.65	2660		22,487097		29,254839		427.3	
6/1968	21.93	-1.22	26.36	-0.27	28.81	-0.08	27.91	0.18	2685		22,833333		31,06		128.1	
7/1968	21.40	-0.65	25.96	0.14	28.59	-0.25	27.56	0.25	2596		22,477419		31,9		102.5	
8/1968	20.91	-0.20	25.26	0.03	28.60	-0.17	26.98	0.02	2470		23,077419		32,722581		41.9	
9/1968	21.10	0.24	24.96	-0.11	28.60	-0.18	26.75	-0.12	2305		23,266667		31,813333		242.8	
10/1968	20.80	-0.37	25.05	-0.06	28.71	-0.07	26.73	-0.10	2236		23,829032		33,164516		37.5	
11/1968	21.44	-0.41	25.25	0.06	29.03	0.33	27.20	0.42	2128		23,336667		31,403333		265.8	
12/1968	22.99	-0.09	25.71	0.35	29.00	0.42	27.20	0.48	2176		23,364516		31,406452		195.1	
1/1969	24.58	-0.13	26.16	0.36	29.11	0.76	27.40	0.69	2134		23,364516		31,403226		257.7	
2/1969	25.64	-0.53	26.79	0.24	29.11	0.90	27.75	0.88	2260		23,892857		31,628571		195.4	
3/1969	26.97	0.40	27.53	0.24	28.86	0.54	27.87	0.51	2365		23,793548		32,170968		386.6	
4/1969	26.50	0.82	27.84	0.23	28.92	0.33	28.20	0.35	2536		23,756667		31,606667		512.6	
5/1969	25.79	1.31	27.83	0.54	29.06	0.17	28.31	0.35	2715		23,96129		31,603226		321.8	
6/1969	24.13	0.98	26.96	0.33	28.92	0.02	27.90	0.17	2714		23,873333		32,213333		96.9	
7/1969	22.41	0.36	25.84	0.02	28.68	-0.17	27.26	-0.05	2637		22,580645		31,33871		87.6	
8/1969	20.97	-0.13	25.45	0.22	28.78	0.01	27.16	0.20	2421		23,141935		32,751613		51.4	
9/1969	20.83	-0.03	25.43	0.36	29.02	0.23	27.23	0.36	2101		24,336667		34,076667		26.3	
10/1969	21.68	0.52	25.61	0.49	29.18	0.40	27.40	0.57	1829		24,332258		33,432258		81.8	
11/1969	22.32	0.47	25.71	0.52	29.09	0.39	27.21	0.43	1767		24,613333		33,293333		112.4	
12/1969	23.48	0.40	25.95	0.59	28.81	0.23	27.15	0.43	1779		23,7		30,596774		181.7	
1/1970	24.97	0.25	26.19	0.39	28.56	0.21	26.99	0.28	2033		23,322581		30,632258		386.7	
2/1970	25.85	-0.33	26.56	0.02	28.54	0.33	27.12	0.24	2258		23,45		30,589286		326.2	
3/1970	25.58	-0.99	26.94	-0.35	28.46	0.14	27.38	0.02	2455		23,454839		30,251613		382.9	
4/1970	25.04	-0.63	27.25	-0.37	28.72	0.14	27.89	0.04	2619		23,55		29,953333		403.2	
5/1970	23.14	-1.34	26.54	-0.75	28.93	0.04	27.77	-0.19	2769		23,532258		31,03871		184.5	
6/1970	21.55	-1.60	25.40	-1.23	28.82	-0.07	27.15	-0.57	2824		23,22		31,13		132.00	
7/1970	20.02	-2.03	24.04	-1.78	28.72	-0.12	26.40	-0.91	2799		22,9		31,429032		68.4	
8/1970	19.29	-1.81	23.46	-1.77	28.22	-0.54	25.70	-1.27	2660		23,206452		33,054839		42.7	
9/1970	19.38	-1.48	23.75	-1.33	27.91	-0.88	25.71	-1.16	2384		23,223333		32,78		96.2	
10/1970	20.02	-1.15	23.72	-1.40	27.84	-0.93	25.61	-1.22	2110		24,148387		33,825806		98.8	
11/1970	20.60	-1.24	23.76	-1.43	27.81	-0.89	25.62	-1.16	1857		23,156667		31,686667		179.6	
12/1970	21.90	-1.19	24.02	-1.34	27.22	-1.36	25.38	-1.35	1854		23,558065		32,058065		143.4	
1/1971	23.38	-1.33	24.22	-1.57	26.86	-1.49	24.96	-1.75	2030		22,541935		29,522581		287.8	
2/1971	24.71	-1.47	24.92	-1.63	27.05	-1.16	25.34	-1.54	2333		22,496429		29,596429		367.6	
3/1971	25.29	-1.28	26.00	-1.29	27.24	-1.08	26.04	-1.32	2527		23,048387		29,941935		352.4	
4/1971	25.08	-0.60	26.61	-1.01	27.56	-1.03	26.69	-1.16	2716		22,896667		30,09		418.9	
5/1971	23.53	-0.94	26.28	-1.01	27.89	-1.00	27.05	-0.91	2822		22,990323		29,935484		316.4	
6/1971	21.77	-1.38	25.49	-1.14	28.01	-0.88	26.66	-1.07	2895		23,016667		30,506667		146.4	
7/1971	21.10	-0.95	24.81	-1.00	27.84	-1.00	26.31	-1.00	2891		23,241935		31,641935		36.1	
8/1971	19.83	-1.28	24.01	-1.22	27.68	-1.09	25.97	-0.99	2782		23,483871		32,712903		8.5	
9/1971	19.49	-1.37	24.04	-1.03	27.51	-1.27	25.84	-1.03	2566		23,56		33,336667		40.5	
10/1971	19.81	-1.36	23.77	-1.35	27.67	-1.11	25.67	-1.16	2231		23,419355		32,254839		182.3	
11/1971	20.97	-0.88	23.97	-1.22	27.88	-0.82	25.80	-0.97	2132		23,733333		31,57		261.9	
12/1971	21.89	-1.19	23.87	-1.48	27.97	-0.61	25.52	-1.21	2207		23,687097		32,593548		94.3	
1/1972	24.26	-0.46	24.99	-0.81	27.81	-0.54	25.77	-0.94	2191		22,916129		29,793548		197.7	
2/1972	26.57	0.39	25.93	-0.61	27.99	-0.21	26.33	-0.54	2436		22,57931		29,682759		381.7	
3/1972	26.95	0.39	26.94	-0.35	28.22	-0.10	27.13	-0.23	2589		23,174194		30,387097		163.7	
4/1972	26.19	0.52	27.58	-0.04	28.76	0.17	27.89	0.04	2666		23,413333		30,53		341.2	
5/1972	25.12	0.64	27.47	0.18	29.15	0.27	28.28	0.32	2787		23,745161		31,074194		166.8	
6/1972	24.67	1.52	27.16	0.53	29.13	0.23	28.22	0.49	2864		23,573333		31,146667		125.5	
7/1972	23.92	1.87	26.97	1.16	29.00	0.16	28.15	0.84	2833		23,541935		31,819355		73.7	
8/1972	23.33	2.23	26.71	1.48	28.78	0.02	27.98	1.02	2701		23,454839		32,564516		45.7	
9/1972	22.01	1.15	26.34	1.26	28.95	0.17	27.98	1.11	2491		24,093333		33,613333		72.4	
10/1972	22.40	1.23	26.73	1.61	29.15	0.37	28.35	1.52	2205		24,151613		33,606452		94.2	
11/1972	23.00	1.15	27.01	1.82	29.26	0.56	28.58	1.80	2012		24,493333		32,876667		73.8	
12/1972	24.48	1.40	27.32	1.96	29.22	0.65	28.56	1.83	2098		24,241935		32,064516		169.1	
1/1973	25.74	1.02	27.27	1.48	29.01	0.66	28.20	1.49	2234		24,06129		31,429032		192.7	
2/1973	26.29	0.12	27.22	0.68	28.74	0.54	27.92	1.04	2278		24,071429		30,714286		274.7	
3/1973	26.32	-0.25	27.39	0.10	28.49	0.17	27.70	0.34	2391		24,174194		31,167742		291.3	
4/1973	25.12	-0.55	26.95	-0.66	28.45	-0.13	27.54	-0.31	2533		24,123333		31		191.7	
5/1973	23.68	-0.79	26.19	-1.10	28.44	-0.44	27.16	-0.80	2693		23,441935		30,041935		439.9	
6/1973	21.98	-1.17	25.48	-1.15	28.27	-0.63	26.78	-0.95	2819		23,68		31,476667		87.4	
7/1973	20.94	-1.11	24.35	-1.46	28.05	-0.80	25.99	-1.32	2843		23,406452		31,464516		143.3	
8/1973	19.58	-1.53	23.72	-1.51	27.74	-1.02	25.52	-1.44	2769		23,409677		32,422581		108.6	
9/1973	19.50	-1.35	23.52	-1.55	27.56	-1.22	25.20	-1.67	2610		23,396667		32,323333		86.1	
10/1973	19.83	-1.34	23.40	-1.72	27.28	-1.49	24.89	-1.94	2402		23,835484		32,683871		181.8	
11/1973	20.66	-1.19	23.45	-1.74	27.00	-1.70	24.52	-2.26	2163		24,003333		32,336667		308.7	
12/1973	21.91	-1.17	23.65	-1.71	26.71	-1.86	24.57	-2.16	2234		23,183871		30,925806		220.9	
1/1974	23.56	-1.15	24.10	-1.70	26.54	-1.80	24.71	-2.00	2332		23,087097		30,732258		313.1	
2/1974	25.08	-1.09	25.23	-1.31	26.86	-1.34	25.22	-1.66	2431		22,867857		30,167857		196.9	
3/1974	25.81	-0.75	26.30	-0.99	27.25	-1.07	25.94	-1.42	2538		23,090323		30,1		247.5	
4/1974	25.27	-0.41	26.86	-0.75	27.46	-1.13	26.64	-1.21	2657		23,27		30,946667		524.5	
5/1974	24.33	-0.14	26.49	-0.80	27.77	-1.11	26.78	-1.18	2752		22,983871		30,612903		257.8	
6/1974	22.49	-0.66	25.88	-0.75	27.89	-1.01	26.64	-1.09	2815		23,293333		30,64		172.1	
7/1974	21.49	-0.56	25.32	-0.50	27.89	-0.96	26.47	-0.83	2829		22,706452		31,290323		66.00	
8/1974	20.56	-0.55	24.87	-0.36	28.05	-0.72	26.41	-0.55	2756		23,512903		33,13871		26.7	
9/1974	20.16	-0.70	24.46	-0.61	27.83	-0.95	26.25	-0.62	2567		23,243333		32,153333		68.4	
10/1974	19.99	-1.18	24.16	-0.95	27.68	-1.09	25.92	-0.91	2340		24,206452		33,122581		24.4	
11/1974	20.85	-1.00	24.21	-0.98	27.67	-1.04	25.78	-1.00	2234		23,993333		31,973333		194.9	
12/1974	21.66	-1.42	24.40	-0.96	27.58	-0.99	25.81	-0.91	2199		23,280645		30,26129		285.1	
1/1975	23.55	-1.16	25.25	-0.54	27.75	-0.60	26.21	-0.50	2291		23,035484		30,254839		329.5	
2/1975	25.17	-1.01	25.68	-0.86	27.83	-0.38	26.17	-0.71	2428		22,792857		29,7		358.7	
3/1975	26.11	-0.46	26.37	-0.92	27.74	-0.58	26.38	-0.97	2552		22,903333		30,064516		396.1	
4/1975	25.41	-0.26	27.02	-0.59	27.88	-0.71	27.02	-0.83	2684		23,366667		30,086667		232.00	
5/1975	23.66	-0.81	26.33	-0.96	28.08	-0.80	27.06	-0.90	2795		23,129032		30,580645		246.3	
6/1975	22.00	-1.14	25.37	-1.26	27.85	-1.04	26.48	-1.25	2896		22,933333		30,623333		97.8	
7/1975	21.15	-0.90	24.76	-1.05	27.62	-1.23	26.15	-1.16	2896		21,758065		29,774194		203.2	
8/1975	20.11	-1.00	24.17	-1.06	27.32	-1.45	25.54	-1.42	2822		22,919355		32,112903		56.6	
9/1975	19.34	-1.52	23.72	-1.36	26.95	-1.84	25.24	-1.63	2658		23,683333		33,136667		36.4	
10/1975	19.28	-1.89	23.55	-1.57	26.88	-1.89	25.06	-1.77	2324		23,890323		33,483871		55.00	
11/1975	19.63	-2.22	23.73	-1.46	26.90	-1.80	25.19	-1.58	1995		23,933333		32,433333		99.9	
12/1975	21.11	-1.98	23.56	-1.80	26.83	-1.74	24.87	-1.85	2002		23,151613		31,119355		213.6	
1/1976	23.53	-1.19	23.94	-1.86	26.93	-1.42	24.78	-1.93	2211		22,629032		29,325806		294.3	
2/1976	25.43	-0.75	25.32	-1.22	27.21	-1.00	25.57	-1.31	2430		22,551724		30,034483		545.6	
3/1976	26.04	-0.52	26.55	-0.73	27.55	-0.77	26.58	-0.78	2533		22,845161		29,409677		457.4	
4/1976	25.78	0.10	26.92	-0.69	28.06	-0.53	27.06	-0.78	2751		23,356667		29,846667		211.1	
5/1976	24.98	0.51	26.91	-0.38	28.32	-0.56	27.34	-0.62	2895		23,525806		30,829032		90.2	
6/1976	24.21	1.06	26.83	0.20	28.33	-0.56	27.37	-0.36	2954		23,163333		30,973333		61.7	
7/1976	23.33	1.28	26.15	0.33	28.35	-0.49	27.16	-0.15	2917		22,909677		31,774194		32.6	
8/1976	21.90	0.79	25.80	0.57	28.42	-0.35	26.96	-0.00	2755		23,612903		33,345161		37.4	
9/1976	21.56	0.70	25.64	0.56	28.47	-0.31	27.03	0.16	2420		24,463333		34,38		29.5	
10/1976	21.43	0.27	25.88	0.77	28.90	0.13	27.50	0.67	1992		24,609677		33,322581		123.00	
11/1976	22.00	0.15	25.83	0.64	28.86	0.15	27.39	0.61	1838		24,246667		32,513333		157.00	
12/1976	23.32	0.24	25.84	0.48	28.44	-0.14	27.26	0.54	1951		23,874194		31,445161		176.3	
1/1977	24.92	0.20	26.47	0.67	28.29	-0.06	27.37	0.66	2127		23,780645		31,164516		196.7	
2/1977	25.77	-0.41	26.94	0.40	28.13	-0.08	27.22	0.34	2141		22,110714		29,614286		262.4	
3/1977	26.02	-0.55	27.49	0.20	28.22	-0.10	27.56	0.20	2306		22,196774		29,645161		332.1	
4/1977	25.31	-0.36	27.06	-0.55	28.59	0.00	27.64	-0.21	2553		22,596667		29,956667		266.7	
5/1977	23.87	-0.61	27.02	-0.27	28.76	-0.13	27.95	-0.01	2739		22,322581		29,658065		240.3	
6/1977	22.94	-0.21	26.53	-0.10	28.87	-0.02	27.93	0.20	2834		21,833333		30,6		78.4	
7/1977	21.67	-0.38	25.59	-0.23	29.01	0.17	27.51	0.20	2825		22,070968		31,809677		17.4	
8/1977	20.29	-0.82	24.76	-0.47	28.86	0.10	26.91	-0.05	2673		22,351613		33,53871		42.9	
9/1977	19.87	-0.99	24.89	-0.19	29.03	0.25	27.08	0.21	2342		22,536667		33,226667		77.00	
10/1977	20.43	-0.73	25.24	0.13	29.02	0.24	27.32	0.49	2084		22,66129		32,019355		190.8	
11/1977	21.28	-0.57	25.31	0.12	29.00	0.30	27.28	0.51	2162		23,18		32,6		84.7	
12/1977	22.46	-0.63	25.55	0.19	29.00	0.42	27.36	0.64	2233		22,809677		30,632258		227.3	
1/1978	24.45	-0.27	25.87	0.07	28.70	0.35	27.24	0.53	2341		22,616129		30,370968		295.4	
2/1978	25.76	-0.41	26.45	-0.10	28.39	0.18	27.13	0.26	2344		22,939286		30,439286		203.5	
3/1978	25.57	-0.99	26.87	-0.42	28.19	-0.13	27.19	-0.17	2434		22,564516		30,593548		404.1	
4/1978	24.92	-0.75	26.77	-0.84	28.15	-0.43	27.21	-0.64	2563		23,14		30,87		229.4	
5/1978	23.39	-1.08	26.30	-0.99	28.68	-0.20	27.41	-0.55	2724		23,274194		30,812903		268.5	
6/1978	22.11	-1.04	25.77	-0.85	28.54	-0.36	27.15	-0.57	2802		22,57		30,9		89.3	
7/1978	21.14	-0.91	25.07	-0.74	28.36	-0.48	26.77	-0.54	2783		22,26129		30,935484		108.5	
8/1978	19.98	-1.12	24.25	-0.98	28.17	-0.59	26.17	-0.79	2625		21,6		31,66129		50.4	
9/1978	20.00	-0.86	24.30	-0.77	28.30	-0.49	26.12	-0.75	2314		22,65		32,453333		161.00	
10/1978	20.13	-1.03	24.64	-0.47	28.24	-0.53	26.30	-0.53	2055		23,116129		32,712903		115.6	
11/1978	21.68	-0.16	24.88	-0.31	28.39	-0.32	26.42	-0.35	2037		23,403333		32,613333		45.7	
12/1978	22.93	-0.16	25.25	-0.11	28.42	-0.15	26.57	-0.15	2076		22,948387		30,825806		126.00	
1/1979	24.97	0.26	25.39	-0.41	28.38	0.03	26.48	-0.23	2286		22,592593		30,625926		312.00	
2/1979	25.74	-0.43	26.17	-0.37	28.21	0.01	26.59	-0.28	2262		23,080952		30,92381		86.00	
3/1979	26.07	-0.49	27.27	-0.02	28.27	-0.05	27.41	0.05	2306		23,172		30,864		195.4	
4/1979	25.63	-0.05	27.76	0.15	28.51	-0.07	27.93	0.08	2554		23,292308		31,409091		300.2	
5/1979	24.52	0.05	27.34	0.05	28.76	-0.13	27.88	-0.08	2739		22,813636		31,6		78.8	
6/1979	23.29	0.14	26.63	0.00	28.74	-0.15	27.59	-0.13	2812		22,686207		30,641379		65.7	
7/1979	21.92	-0.13	25.66	-0.16	28.67	-0.18	27.05	-0.25	2766						10.3	
8/1979	21.08	-0.03	25.30	0.07	28.49	-0.28	26.85	-0.11	2496						0.00	
9/1979	21.01	0.15	25.60	0.53	28.66	-0.12	27.14	0.27	2105		23,241667		32,75		83.2	
10/1979	21.40	0.23	25.50	0.38	28.73	-0.05	26.92	0.09	1800		23,430769		32,830769		230.1	
11/1979	21.77	-0.08	25.64	0.46	28.91	0.21	27.10	0.33	1813		23,92381		32,909524		48.7	
12/1979	22.81	-0.27	25.73	0.37	28.75	0.17	27.18	0.46	1906		23,133333		31,052381		154.4	
1/1980	24.57	-0.15	26.18	0.38	28.62	0.28	27.15	0.44	2067		22,947368		30,726316		92.5	
2/1980	25.84	-0.34	26.57	0.03	28.51	0.31	27.10	0.22	2108		23,26		32,586667		77.7	
3/1980	26.59	0.03	27.12	-0.17	28.49	0.17	27.38	0.02	2081		23,126923		31,5		217.1	
4/1980	25.73	0.06	27.51	-0.10	28.78	0.20	27.86	0.01	2296		23,004348		31,273913		211.4	
5/1980	24.49	0.02	27.31	0.02	29.16	0.28	28.15	0.19	2479		23,332143		32,053571		53.8	
6/1980	22.96	-0.19	26.83	0.20	29.10	0.21	28.04	0.32	2585		22,796		31,516		79.4	
7/1980	21.20	-0.85	25.71	-0.10	28.97	0.12	27.47	0.16	2555		22,507692		31,769231		23.9	
8/1980	20.66	-0.45	24.98	-0.25	28.56	-0.21	26.74	-0.22	2331		22,726087		32,521739		31.2	
9/1980	20.41	-0.44	24.88	-0.19	28.58	-0.21	26.63	-0.24	1944		23,04		32,9		31.6	
10/1980	20.70	-0.47	24.69	-0.42	28.76	-0.02	26.57	-0.26	1788		22,813636		31,809091		141.1	
11/1980	21.45	-0.40	25.07	-0.12	28.69	-0.02	26.69	-0.09	1963		23,05625		31,49375		149.7	
12/1980	22.49	-0.59	25.34	-0.02	28.51	-0.07	26.81	0.09	2048		23,037037		31,051852		190.2	
1/1981	23.28	-1.44	25.17	-0.63	28.15	-0.19	26.39	-0.32	2073		22,536667		29,95		162.5	
2/1981	25.15	-1.03	25.71	-0.83	27.96	-0.25	26.28	-0.60	2180		21,8875		30,3375		164.9	
3/1981	26.19	-0.38	26.72	-0.57	28.09	-0.23	26.80	-0.56	2382		22,879167		31,904167		197.1	
4/1981	25.10	-0.58	27.16	-0.45	28.20	-0.38	27.42	-0.43	2530		23,3125		31,8125		229.3	
5/1981	23.92	-0.55	26.83	-0.46	28.43	-0.45	27.52	-0.44	2622		23,436		31,552		121.1	
6/1981	22.78	-0.37	26.32	-0.31	28.44	-0.45	27.42	-0.31	2674		23,204545		31,318182		51.5	
7/1981	21.26	-0.79	25.37	-0.45	28.29	-0.55	26.79	-0.52	2659		21,95		31,026923		34.00	
8/1981	20.24	-0.86	24.57	-0.66	28.15	-0.61	26.45	-0.51	2514		22,4		31,67619		68.00	
9/1981	20.32	-0.54	24.79	-0.28	28.35	-0.43	26.57	-0.30	2137		22,166667		30,961905		155.1	
10/1981	20.75	-0.41	24.90	-0.22	28.49	-0.28	26.53	-0.30	1810		23,572		32,584		47.8	
11/1981	21.50	-0.35	24.85	-0.34	28.51	-0.19	26.45	-0.33	1734		23,359091		31,486364		325.9	
12/1981	22.85	-0.23	25.31	-0.05	28.46	-0.12	26.56	-0.16	1841		23,308333		31,4125		114.7	
1/1982	24.62	-0.10	26.00	0.20	28.29	-0.06	26.84	0.13	2187		23,054545		29,918182		299.1	
2/1982	25.63	-0.55	26.51	-0.03	28.14	-0.07	26.69	-0.19	2365						79.8	
3/1982	25.66	-0.91	27.24	-0.05	28.44	0.12	27.52	0.16	2486						59.5	
4/1982	25.09	-0.59	27.72	0.11	28.95	0.36	28.13	0.28	2634		22,905		30,51		134.00	
5/1982	24.33	-0.15	27.74	0.45	29.30	0.41	28.46	0.50	2804		23,04		30,956		254.2	
6/1982	23.42	0.27	27.23	0.61	29.37	0.47	28.33	0.60	2888		23,141667		31,8		16.8	
7/1982	22.47	0.42	26.29	0.47	29.01	0.17	27.76	0.45	2835		22,7		32,295455		30.7	
8/1982	21.92	0.81	26.08	0.85	28.90	0.13	27.67	0.71	2648		23,036842		33,178947		2.00	
9/1982	22.16	1.30	26.71	1.64	29.05	0.27	28.23	1.36	2343		23,64		33,666667		67.7	
10/1982	22.78	1.61	27.21	2.09	29.34	0.56	28.67	1.84	1952		23,847368		33,742105		4.2	
11/1982	24.50	2.66	27.54	2.35	29.22	0.52	28.68	1.91	1867						72.4	
12/1982	25.91	2.83	28.04	2.68	29.09	0.52	28.87	2.14	2067		23,511765		30,070588		238.3	
1/1983	27.20	2.49	28.47	2.67	28.75	0.40	28.82	2.11	2245		24,780645		33,467742		32.6	
2/1983	28.16	1.99	28.63	2.09	28.61	0.41	28.68	1.80	2280		25,060714		32,85		107.5	
3/1983	29.00	2.43	28.85	1.56	28.58	0.26	28.72	1.36	2301		24,774194		32,306452		418.2	
4/1983	28.94	3.27	29.09	1.47	28.72	0.13	28.83	0.98	2433		23,88		31,616667		192.4	
5/1983	28.27	3.80	28.95	1.66	29.09	0.21	28.89	0.93	2597		24,190323		32,525806		171.5	
6/1983	27.24	4.09	28.13	1.50	28.95	0.06	28.33	0.60	2635		23,356667		31,456667		99.4	
7/1983	25.84	3.79	26.76	0.94	28.69	-0.16	27.25	-0.06	2514		23,251613		32,745161		134.1	
8/1983	24.01	2.90	26.00	0.77	28.46	-0.31	26.76	-0.20	2146		23,3		31,764516		134.6	
9/1983	22.37	1.51	25.30	0.22	28.22	-0.57	26.42	-0.45	1898		23,463333		32,563333		99.2	
10/1983	22.24	1.07	24.73	-0.38	28.05	-0.73	25.89	-0.94	1761		23,429032		30,480645		195.8	
11/1983	22.38	0.53	24.42	-0.77	27.94	-0.76	25.74	-1.03	1816		23,603333		31,423333		69.5	
12/1983	23.26	0.18	24.73	-0.63	27.88	-0.69	25.87	-0.85	1966		23,06129		29,593548		372.1	
1/1984	24.40	-0.32	25.31	-0.48	27.69	-0.66	26.08	-0.63	2203		22,580645		29,854839		268.00	
2/1984	25.44	-0.73	26.46	-0.08	27.67	-0.53	26.72	-0.16	2350		22,244828		29,344828		341.00	
3/1984	26.06	-0.51	27.12	-0.17	27.67	-0.65	26.98	-0.38	2521		23,277419		30,367742		223.4	
4/1984	25.61	-0.07	27.23	-0.38	27.90	-0.68	27.30	-0.54	2608		23,3		30,246667		333.3	
5/1984	23.78	-0.69	26.49	-0.80	28.25	-0.64	27.42	-0.54	2722		22,993548		30,622581		271.9	
6/1984	22.46	-0.69	25.65	-0.98	28.34	-0.56	27.07	-0.66	2793		22,806667		31,38		94.2	
7/1984	21.68	-0.37	25.19	-0.63	28.34	-0.51	26.96	-0.35	2769		22,464516		31,548387		93.00	
8/1984	20.73	-0.38	24.84	-0.40	28.24	-0.53	26.68	-0.28	2630		22,745161		32,048387		62.8	
9/1984	20.78	-0.08	24.68	-0.39	28.39	-0.39	26.47	-0.41	2357		23		32,066667		135.5	
10/1984	20.76	-0.41	24.43	-0.69	28.21	-0.56	26.18	-0.65	2049		23,487097		32,254839		123.2	
11/1984	21.69	-0.16	24.25	-0.94	27.96	-0.75	25.64	-1.14	1988		23,646667		32,526667		100.4	
12/1984	22.68	-0.40	24.18	-1.18	27.82	-0.75	25.45	-1.27	2044		23,758065		31,280645		148.1	
1/1985	23.95	-0.76	24.65	-1.15	27.83	-0.52	25.67	-1.04	2298		23,170968		30,345161		269.7	
2/1985	25.13	-1.05	25.76	-0.79	27.61	-0.59	26.23	-0.65	2349		22,935714		30,725		318.1	
3/1985	25.82	-0.74	26.50	-0.79	27.58	-0.74	26.65	-0.71	2311		23,493548		31,2		280.9	
4/1985	24.41	-1.27	26.67	-0.94	27.81	-0.78	26.85	-1.00	2343		23,44		31,99		145.3	
5/1985	23.02	-1.45	26.40	-0.89	28.09	-0.79	27.11	-0.85	2437		23,03871		30,7		346.4	
6/1985	22.23	-0.92	25.78	-0.85	28.11	-0.79	26.97	-0.76	2580		22,443333		30,546667		150.9	
7/1985	20.92	-1.12	24.91	-0.90	28.40	-0.45	26.80	-0.51	2598		22,93871		30,96129		103.4	
8/1985	20.04	-1.07	24.38	-0.85	28.36	-0.40	26.45	-0.51	2490		22,754839		32,254839		63.1	
9/1985	19.89	-0.97	24.20	-0.87	28.32	-0.46	26.18	-0.69	2328		23,573333		32,656667		65.9	
10/1985	20.28	-0.89	24.34	-0.78	28.51	-0.26	26.38	-0.44	2083		24,032258		32,825806		161.7	
11/1985	21.16	-0.68	24.51	-0.68	28.51	-0.20	26.49	-0.29	2012		23,6		31,28		136.9	
12/1985	22.71	-0.37	24.62	-0.74	28.48	-0.09	26.37	-0.35	2121		23,503226		30,648387		391.4	
1/1986	24.61	-0.10	24.92	-0.88	28.19	-0.15	26.12	-0.59	2178		23,090323		30,122581		267.1	
2/1986	26.01	-0.17	26.02	-0.52	28.03	-0.17	26.25	-0.63	2248		23,121429		29,985714		294.9	
3/1986	25.90	-0.67	26.99	-0.30	28.19	-0.13	27.02	-0.34	2422		23		30,151613		304.4	
4/1986	24.91	-0.77	27.32	-0.30	28.34	-0.24	27.63	-0.22	2570		23,403333		31,063333		279.5	
5/1986	23.45	-1.02	26.73	-0.56	28.73	-0.15	27.64	-0.32	2683		23,509677		31		203.6	
6/1986	22.17	-0.98	26.25	-0.38	28.84	-0.05	27.57	-0.16	2762		22,776667		30,563333		102.8	
7/1986	21.52	-0.53	25.73	-0.08	28.86	0.02	27.27	-0.04	2805		22,277419		30,470968		183.9	
8/1986	21.05	-0.06	25.29	0.06	29.01	0.24	27.22	0.26	2704		23,609677		33,458065		1.6	
9/1986	21.15	0.29	25.26	0.18	29.09	0.31	27.37	0.50	2394		23,54		31,996667		71.1	
10/1986	21.30	0.14	25.51	0.39	29.14	0.36	27.56	0.73	2165		23,535484		31,496774		214.6	
11/1986	22.07	0.23	25.83	0.64	29.19	0.49	27.66	0.88	2243		23,46		31,083333		321.8	
12/1986	23.50	0.42	26.09	0.73	28.97	0.39	27.69	0.96	2322		23,441935		31,358065		246.9	
1/1987	25.66	0.94	26.70	0.90	28.66	0.31	27.74	1.03	2344		22,83871		29,587097		291.5	
2/1987	27.01	0.84	27.54	1.00	28.72	0.52	27.97	1.09	2411		23,442857		30,396429		289.1	
3/1987	27.95	1.39	28.33	1.04	28.85	0.53	28.47	1.11	2531		23,654839		31,264516		277.6	
4/1987	26.91	1.24	28.50	0.88	28.98	0.39	28.66	0.82	2627		22,765517		31,065517		291.2	
5/1987	25.85	1.38	28.14	0.85	29.30	0.41	28.60	0.64	2755		23,419355		31,177419		167.8	
6/1987	24.15	1.00	27.52	0.89	29.49	0.60	28.61	0.88	2781		22,87		31,023333		28.2	
7/1987	23.15	1.11	26.98	1.17	29.40	0.56	28.54	1.23	2690		23,767742		32,941935		20.7	
8/1987	22.00	0.89	26.62	1.39	29.34	0.57	28.42	1.46	2460		23,748387		32,767742		76.8	
9/1987	21.91	1.05	26.61	1.53	29.53	0.74	28.38	1.51	2139		24,36		33,956667		64.6	
10/1987	22.60	1.43	26.26	1.15	29.60	0.82	28.07	1.24	1858		24,693548		34,035484		46.3	
11/1987	22.83	0.98	26.20	1.01	29.59	0.88	27.86	1.09	1823		24,133333		33,063333		128.3	
12/1987	23.54	0.46	26.34	0.98	29.37	0.80	27.63	0.90	1967		24,445161		31,893548		195.2	
1/1988	24.85	0.13	26.51	0.71	29.00	0.65	27.50	0.79	2151		22,386667		30,656667		269.7	
2/1988	25.83	-0.34	26.60	0.05	28.68	0.47	27.11	0.23	2340		23,324138		30,844828		546.00	
3/1988	25.86	-0.70	27.24	-0.05	28.51	0.19	27.40	0.04	2481		23,787097		31,567742		265.6	
4/1988	25.08	-0.59	27.19	-0.42	28.44	-0.15	27.53	-0.31	2517		23,47		30,893333		254.7	
5/1988	23.69	-0.78	26.13	-1.16	28.40	-0.48	26.96	-1.00	2656		23,732258		30,432258		297.7	
6/1988	21.87	-1.28	24.89	-1.74	28.20	-0.69	26.27	-1.45	2756		22,696667		29,93		229.1	
7/1988	20.73	-1.32	24.03	-1.79	28.08	-0.76	25.75	-1.56	2753		23,280645		31,248387		82.3	
8/1988	19.81	-1.29	23.80	-1.44	28.25	-0.52	25.73	-1.23	2598		23,658065		32,887097		35.6	
9/1988	19.73	-1.12	24.01	-1.07	28.06	-0.72	25.80	-1.07	2143		24		33,27		110.6	
10/1988	20.01	-1.16	23.63	-1.48	27.31	-1.46	25.01	-1.82	1809		23,577419		32,890323		111.5	
11/1988	20.94	-0.91	23.66	-1.53	27.15	-1.55	24.84	-1.93	1876		22,603333		31,731818		226.9	
12/1988	22.22	-0.87	23.85	-1.51	27.06	-1.52	24.88	-1.84	2133		22,712903		31,570968		412.1	
1/1989	24.29	-0.43	24.43	-1.37	26.81	-1.54	24.81	-1.90	2211		22,625806		30,474194		292.00	
2/1989	25.98	-0.19	25.58	-0.97	26.90	-1.30	25.43	-1.45	2416		22,560714		28,325		417.00	
3/1989	26.31	-0.26	26.31	-0.98	27.35	-0.97	26.20	-1.16	2609		22,435484		29,86129		252.2	
4/1989	25.39	-0.29	26.80	-0.82	27.83	-0.75	26.79	-1.05	2740		23,17		29,883333		370.8	
5/1989	23.46	-1.01	26.58	-0.71	28.36	-0.53	27.19	-0.77	2827		22,667742		29,312903		555.1	
6/1989	22.21	-0.94	26.40	-0.23	28.16	-0.74	27.21	-0.52	2918		22,77		30,15		184.5	
7/1989	21.36	-0.69	25.44	-0.37	28.19	-0.65	26.86	-0.45	2924		22,187097		29,348387		157.5	
8/1989	20.74	-0.37	24.84	-0.39	28.15	-0.61	26.47	-0.49	2816		23,46129		32,332258		15.8	
9/1989	20.18	-0.68	24.76	-0.31	28.38	-0.41	26.50	-0.37	2555		23,333333		32,686667		136.4	
10/1989	20.72	-0.45	24.69	-0.42	28.42	-0.36	26.41	-0.42	2155		23,280645		31,612903		185.6	
11/1989	21.62	-0.22	24.67	-0.52	28.30	-0.41	26.32	-0.46	2174		23,516667		31,823333		326.4	
12/1989	22.64	-0.45	24.95	-0.41	28.55	-0.03	26.61	-0.12	2083		24,034483		31,663333		220.1	
1/1990	24.27	-0.45	25.49	-0.31	28.55	0.20	26.68	-0.03	1890		23,122581		30,525806		234.3	
2/1990	26.20	0.02	26.52	-0.02	28.60	0.40	27.00	0.13	2241		23,114286		30,307143		190.00	
3/1990	26.27	-0.30	26.98	-0.31	28.68	0.36	27.37	0.01	2492		23,070968		30,548387		299.2	
4/1990	25.12	-0.55	27.53	-0.09	28.79	0.20	27.89	0.04	2630		22,91		30,343333		236.4	
5/1990	24.07	-0.40	27.44	0.15	28.95	0.07	28.05	0.09	2756		23,33871		31,2		244.6	
6/1990	22.78	-0.37	26.67	0.04	28.98	0.08	27.72	-0.01	2816		23,236667		31,296667		89.3	
7/1990	21.40	-0.65	25.90	0.08	29.07	0.23	27.51	0.20	2778						114.1	
8/1990	20.71	-0.40	25.30	0.07	29.09	0.32	27.12	0.16	2649						72.3	
9/1990	20.15	-0.71	25.16	0.09	29.06	0.28	27.03	0.16	2327						22.8	
10/1990	20.43	-0.74	24.99	-0.12	29.20	0.43	27.08	0.25	1820						56.00	
11/1990	21.32	-0.53	25.02	-0.17	29.16	0.46	26.89	0.11	1735						116.9	
12/1990	22.73	-0.35	25.28	-0.07	29.12	0.55	27.04	0.31	2042						167.3	
1/1991	24.31	-0.40	25.84	0.04	28.91	0.57	27.12	0.41	2297		23,025806		29,951613		278.5	
2/1991	25.97	-0.20	26.44	-0.11	28.74	0.53	27.18	0.30	2360		23,335714		30,603571		223.8	
3/1991	26.44	-0.13	27.11	-0.18	28.72	0.40	27.44	0.08	2379		23,119355		29,964516		309.2	
4/1991	25.45	-0.23	27.65	0.04	29.04	0.45	28.13	0.29	2535		22,79		30,506667		342.9	
5/1991	24.23	-0.24	27.57	0.28	29.42	0.53	28.29	0.33	2693		23,135484		30,241935		322.2	
6/1991	23.12	-0.03	27.28	0.65	29.40	0.50	28.27	0.54	2788		23,546667		30,84		137.9	
7/1991	22.52	0.47	26.66	0.85	29.42	0.57	28.09	0.78	2797		23,032258		30,854839		173.9	
8/1991	21.46	0.35	25.82	0.59	29.31	0.54	27.72	0.76	2691		22,912		31,72		55.4	
9/1991	21.36	0.50	25.36	0.29	29.23	0.45	27.35	0.48	2341		23,27		32,536667		39.00	
10/1991	21.72	0.55	25.69	0.57	29.48	0.71	27.71	0.88	1841		23,63871		32,812903		79.4	
11/1991	22.42	0.57	26.08	0.89	29.43	0.72	27.98	1.20	1663		24,183333		33,723333		37.9	
12/1991	23.72	0.64	26.46	1.10	29.33	0.76	28.29	1.56	1825		24,158065		32,06129		137.9	
1/1992	25.15	0.44	26.98	1.18	28.97	0.63	28.40	1.69	1904		23,880645		32,051613		236.5	
2/1992	26.87	0.69	27.57	1.03	29.02	0.82	28.52	1.64	1956		23,544828		31,227586		262.7	
3/1992	27.61	1.04	28.16	0.87	28.95	0.63	28.65	1.29	2134		23,06129		30,354839		347.8	
4/1992	27.38	1.70	28.67	1.05	29.14	0.56	29.04	1.19	2423		23,65		31,47		218.6	
5/1992	26.33	1.86	28.39	1.10	29.34	0.45	29.00	1.04	2528		23,690323		32,16129		118.8	
6/1992	24.05	0.90	27.29	0.66	29.25	0.36	28.51	0.78	2506		23,17		32,083333		61.00	
7/1992	22.18	0.13	25.91	0.09	29.25	0.41	27.76	0.46	2381		22,477419		31,587097		90.3	
8/1992	21.08	-0.03	25.22	-0.01	29.05	0.29	27.10	0.14	2207		22,229032		31,26129		100.3	
9/1992	21.05	0.19	24.99	-0.08	28.91	0.13	26.86	-0.01	2034		23,653333		33,04		90.00	
10/1992	21.27	0.11	24.88	-0.24	28.83	0.05	26.67	-0.16	1879		23,56129		32,483871		87.4	
11/1992	21.78	-0.06	24.92	-0.27	28.80	0.09	26.68	-0.10	1784		23,69		32,226667		71.2	
12/1992	22.95	-0.13	25.16	-0.20	28.81	0.24	26.75	0.03	2006		22,867742		30,306452		265.6	
1/1993	24.68	-0.03	25.70	-0.10	28.75	0.41	26.87	0.16	2272		22,754839		30,248387		436.5	
2/1993	26.42	0.25	26.87	0.33	28.42	0.22	27.24	0.36	2406		22,425		29,889286		617.4	
3/1993	26.88	0.31	27.64	0.35	28.49	0.18	27.78	0.42	2551		22,73871		30,103226		229.3	
4/1993	26.60	0.93	28.43	0.82	28.79	0.21	28.62	0.77	2724		22,893333		30,176667		370.3	
5/1993	25.44	0.97	28.31	1.02	29.08	0.19	28.87	0.91	2825		23,251613		31,248387		96.8	
6/1993	24.07	0.92	27.12	0.49	29.12	0.23	28.28	0.55	2870		23,276667		31,37		61.5	
7/1993	22.69	0.64	26.08	0.27	29.07	0.22	27.59	0.28	2816		22,793548		31,390323		34.6	
8/1993	21.52	0.41	25.36	0.13	28.96	0.19	27.03	0.07	2628		22,945161		31,751613		47.7	
9/1993	21.05	0.19	25.25	0.17	29.07	0.29	27.19	0.32	2330		23,86		33,236667		21.9	
10/1993	21.58	0.41	25.28	0.16	28.84	0.06	27.03	0.20	2039		23,312903		32,222581		99.8	
11/1993	22.10	0.25	25.23	0.04	28.92	0.22	26.89	0.12	2043		23,143333		31,153333		256.3	
12/1993	23.14	0.05	25.44	0.08	28.82	0.25	26.93	0.21	2295		23,109677		30,954839		251.3	
1/1994	24.64	-0.08	25.96	0.17	28.55	0.21	26.86	0.15	2428		22,490323		29,9		371.1	
2/1994	25.93	-0.24	26.46	-0.09	28.24	0.04	27.00	0.12	2520		22,685714		29,753571		399.5	
3/1994	25.83	-0.73	26.98	-0.30	28.52	0.20	27.49	0.13	2610		23,067742		30,587097		259.5	
4/1994	24.82	-0.86	27.38	-0.23	28.84	0.25	28.17	0.32	2711		23,036667		30,72		258.7	
5/1994	23.79	-0.68	27.27	-0.02	29.17	0.29	28.36	0.40	2812		23		30,622581		174.2	
6/1994	22.53	-0.62	26.62	-0.00	29.27	0.38	28.08	0.35	2893		22,746667		30,226667		125.2	
7/1994	21.39	-0.66	25.65	-0.17	29.42	0.58	27.64	0.33	2881		22,858065		31,245161		33.00	
8/1994	20.37	-0.74	25.03	-0.20	29.52	0.76	27.44	0.48	2750		22,887097		32,322581		96.7	
9/1994	20.60	-0.25	24.97	-0.11	29.36	0.58	27.13	0.26	2528		23,65		32,816667		62.6	
10/1994	21.79	0.62	25.54	0.42	29.47	0.70	27.44	0.61	2211		23,703226		33,080645		91.8	
11/1994	22.32	0.47	25.98	0.79	29.55	0.84	27.87	1.09	1968		23,416667		32,753333		207.3	
12/1994	23.77	0.68	26.16	0.80	29.51	0.93	27.94	1.22	2034		23,151613		31,219355		222.5	
1/1995	25.39	0.68	26.52	0.72	29.13	0.78	27.68	0.97	2188		22,99375		31,019355		286.00	
2/1995	26.22	0.04	26.92	0.37	29.02	0.81	27.58	0.70	2196		23,496429		30,971429		132.00	
3/1995	26.20	-0.37	27.23	-0.05	29.07	0.75	27.80	0.44	2235		23,03871		31,096774		301.4	
4/1995	24.77	-0.90	27.33	-0.28	29.13	0.55	28.17	0.32	2409		22,94		30,593333		480.5	
5/1995	23.60	-0.87	26.81	-0.48	29.36	0.48	28.00	0.04	2586		23,164516		30,770968		217.5	
6/1995	22.53	-0.62	26.36	-0.27	29.16	0.26	27.77	0.04	2699		23,153333		30,846667		107.00	
7/1995	21.37	-0.68	25.50	-0.32	28.97	0.13	27.20	-0.10	2687		23,545161		32,322581		76.9	
8/1995	20.61	-0.50	24.46	-0.77	28.69	-0.07	26.50	-0.46	2475		24,393548		33,532258		34.2	
9/1995	20.48	-0.38	24.11	-0.96	28.53	-0.26	26.11	-0.76	1876		24,443333		33,6		72.4	
10/1995	20.61	-0.56	24.22	-0.90	28.48	-0.29	25.96	-0.87	1556		24,235484		33,509677		81.00	
11/1995	21.63	-0.21	24.23	-0.96	28.32	-0.39	25.79	-0.98	1640		23,34		31,273333		312.00	
12/1995	22.28	-0.81	24.42	-0.94	28.17	-0.41	25.82	-0.90	1992		23,319355		31,480645		160.5	
1/1996	24.02	-0.70	25.03	-0.77	27.97	-0.38	25.87	-0.84	2185		22,606452		29,941935		571.3	
2/1996	25.77	-0.40	25.85	-0.69	27.81	-0.39	26.07	-0.81	2335		22,827586		30,224138		257.6	
3/1996	26.32	-0.24	26.86	-0.43	28.04	-0.28	26.76	-0.60	2544		23,13871		30,635484		338.1	
4/1996	24.33	-1.34	27.00	-0.62	28.26	-0.32	27.52	-0.33	2663		23,08		30,05		428.5	
5/1996	23.42	-1.06	26.71	-0.58	28.62	-0.27	27.75	-0.21	2760		23,532258		30,916129		127.5	
6/1996	21.69	-1.46	26.05	-0.58	28.70	-0.19	27.54	-0.18	2845		22,373333		30,593333		185.1	
7/1996	21.00	-1.04	25.39	-0.42	28.60	-0.24	27.10	-0.21	2818		22,774194		31,6		16.9	
8/1996	20.24	-0.86	24.89	-0.34	28.63	-0.14	26.79	-0.17	2654		23,383871		32,122581		65.00	
9/1996	20.29	-0.56	24.62	-0.45	28.55	-0.24	26.50	-0.38	2315		23,926667		33,056667		114.00	
10/1996	20.52	-0.65	24.58	-0.54	28.56	-0.21	26.48	-0.35	1943		23,870968		32,570968		186.00	
11/1996	20.76	-1.09	24.65	-0.54	28.59	-0.12	26.42	-0.36	1958		23,71		32,346667		163.00	
12/1996	21.90	-1.19	24.43	-0.93	28.54	-0.04	26.15	-0.57	2067		23,558065		31,36129		142.2	
1/1997	23.94	-0.77	24.97	-0.83	28.41	0.06	26.16	-0.55	2176		23,267742		30,180645		220.6	
2/1997	26.16	-0.01	25.83	-0.71	28.45	0.25	26.49	-0.39	2282		22,892857		30,042857		344.5	
3/1997	27.07	0.51	26.91	-0.38	28.64	0.32	27.03	-0.33	2506		23,012903		29,893548		534.9	
4/1997	26.50	0.83	27.53	-0.09	29.31	0.73	28.01	0.17	2708		23,486667		30,673333		310.8	
5/1997	26.40	1.93	27.90	0.61	29.51	0.62	28.52	0.56	2833		23,706452		30,925806		252.2	
6/1997	25.92	2.77	28.02	1.39	29.35	0.46	28.82	1.09	2883		24,2		32,146667		9.5	
7/1997	25.36	3.32	27.74	1.93	29.46	0.61	28.75	1.44	2775		24,554839		33,3		0.00	
8/1997	24.70	3.59	27.59	2.36	29.35	0.59	28.70	1.74	2534		23,690323		32,993548		111.5	
9/1997	24.52	3.66	27.65	2.58	29.46	0.68	28.85	1.98	2006		24,423333		35,2		40.5	
10/1997	24.67	3.51	28.01	2.89	29.43	0.65	29.08	2.25	1535		24,758065		35,83871		60.9	
11/1997	25.76	3.92	28.29	3.10	29.44	0.73	29.11	2.33	1515		23,956667		33,153333		182.3	
12/1997	27.02	3.94	28.44	3.09	29.23	0.66	28.96	2.24	1776		23,790323		32,096774		261.5	
1/1998	28.01	3.30	28.67	2.87	28.98	0.64	28.93	2.22	2003		23,174194		31,3		302.6	
2/1998	28.83	2.66	28.82	2.28	28.86	0.66	28.77	1.90	2114		23,553571		32,271429		171.7	
3/1998	29.12	2.55	29.15	1.86	28.65	0.33	28.68	1.32	2241		23,096774		31,493548		210.8	
4/1998	28.23	2.56	29.24	1.62	28.59	0.00	28.72	0.87	2402		22,43		31,296667		407.2	
5/1998	27.18	2.71	28.68	1.39	28.90	0.01	28.63	0.67	2620		22,490323		31,019355		273.4	
6/1998	25.33	2.18	27.11	0.48	28.63	-0.26	27.57	-0.16	2732		21,903333		31,276667		167.2	
7/1998	23.41	1.36	25.71	-0.10	28.42	-0.42	26.55	-0.76	2740		22,225806		31,945161		92.00	
8/1998	22.11	1.00	24.76	-0.47	28.10	-0.67	25.82	-1.14	2555		22,016129		33,087097		41.8	
9/1998	21.25	0.40	24.24	-0.84	28.10	-0.69	25.72	-1.15	2083		21,886667		32,793333		115.6	
10/1998	21.56	0.39	24.36	-0.76	27.70	-1.07	25.55	-1.28	1626		22,516129		33,306452		73.5	
11/1998	21.64	-0.20	24.59	-0.60	27.51	-1.20	25.57	-1.21	1698		21,97		32,026667		153.6	
12/1998	23.01	-0.07	24.45	-0.91	27.24	-1.34	25.20	-1.52	1987		21,722581		32,577419		191.00	
1/1999	24.18	-0.53	24.74	-1.06	26.88	-1.46	25.13	-1.58	2078		21,03871		30,277419		411.6	
2/1999	25.71	-0.47	25.81	-0.74	26.86	-1.34	25.64	-1.24	2391		20,796429		30,232143		260.8	
3/1999	26.18	-0.39	26.88	-0.41	27.30	-1.02	26.51	-0.85	2611		20,612903		30,374194		233.2	
4/1999	24.66	-1.01	26.95	-0.66	27.76	-0.82	26.97	-0.88	2698		20,866667		30,546667		421.2	
5/1999	23.84	-0.64	26.58	-0.71	28.20	-0.69	27.05	-0.91	2842		20,935484		30,112903		445.4	
6/1999	22.41	-0.74	25.81	-0.82	28.20	-0.70	26.70	-1.03	2923		20,983333		31,17		149.3	
7/1999	21.78	-0.27	25.11	-0.71	28.02	-0.83	26.36	-0.95	2902		21,174194		31,693548		25.3	
8/1999	20.86	-0.25	24.44	-0.79	27.96	-0.80	25.85	-1.11	2778		21,590323		32,587097		40.6	
9/1999	19.84	-1.02	24.07	-1.00	28.06	-0.73	25.88	-1.00	2479		21,953333		32,976667		98.8	
10/1999	20.22	-0.95	23.89	-1.22	28.04	-0.73	25.70	-1.13	1987		22,025806		33,532258		132.3	
11/1999	20.51	-1.33	23.80	-1.39	27.72	-0.99	25.34	-1.43	1745		22,726667		33,016667		203.5	
12/1999	22.29	-0.79	23.90	-1.46	27.43	-1.15	25.12	-1.60	1806		22,670968		32,432258		198.3	
1/2000	23.80	-0.92	24.23	-1.57	27.23	-1.11	25.00	-1.71	2045		21,816129		30,825806		350.2	
2/2000	25.47	-0.70	25.51	-1.03	26.98	-1.22	25.42	-1.45	2191		21,644828		30,534483		344.4	
3/2000	25.83	-0.74	26.81	-0.48	27.08	-1.24	26.35	-1.01	2338		21,858065		30,406452		340.7	
4/2000	25.42	-0.25	27.41	-0.21	27.52	-1.06	27.01	-0.83	2548		21,49		30,436667		535.4	
5/2000	24.21	-0.27	26.89	-0.40	27.99	-0.89	27.22	-0.74	2736		22,287097		31,458065		172.6	
6/2000	22.72	-0.43	26.06	-0.57	28.25	-0.64	27.07	-0.66	2843		21,953333		32,543333		48.2	
7/2000	21.64	-0.41	25.23	-0.59	28.38	-0.46	26.75	-0.56	2843		21,848387		31,96129		40.8	
8/2000	20.31	-0.80	24.68	-0.55	28.30	-0.47	26.43	-0.54	2735		22,454839		32,983871		140.00	
9/2000	20.57	-0.29	24.64	-0.43	28.37	-0.41	26.34	-0.53	2487		22,806667		33,28		218.1	
10/2000	20.78	-0.39	24.62	-0.49	28.27	-0.50	26.08	-0.75	2150		22,922581		33,564516		47.2	
11/2000	20.84	-1.00	24.57	-0.62	28.09	-0.62	26.02	-0.76	1983		22,546667		33,846667		169.7	
12/2000	22.18	-0.91	24.78	-0.58	27.80	-0.78	25.88	-0.84	1905		22,283871		32,332258		192.3	
1/2001	24.15	-0.57	25.40	-0.40	27.54	-0.81	25.98	-0.73	2063		20,767742		29,929032		348.4	
2/2001	25.72	-0.45	26.31	-0.23	27.52	-0.68	26.31	-0.57	2337		22,132143		31,271429		219.5	
3/2001	26.73	0.16	27.32	0.03	27.82	-0.50	26.96	-0.40	2503		23,480645		31,66129		216.8	
4/2001	26.00	0.33	27.54	-0.07	28.25	-0.33	27.46	-0.38	2655		23,49		31,413333		188.2	
5/2001	24.06	-0.41	27.22	-0.07	28.70	-0.18	27.75	-0.21	2752		24,012903		32,270968		231.6	
6/2001	22.75	-0.40	26.50	-0.13	29.00	0.11	27.66	-0.07	2811		22,536667		30,463333		164.1	
7/2001	21.48	-0.57	25.69	-0.13	29.13	0.28	27.38	0.07	2772		23,077419		32,287097		30.6	
8/2001	20.30	-0.80	24.99	-0.24	29.05	0.29	26.88	-0.08	2606		23,712903		34,525806		14.9	
9/2001	19.98	-0.88	24.51	-0.56	29.16	0.37	26.71	-0.16	2259		23,53		34,01		88.2	
10/2001	20.13	-1.04	24.64	-0.48	29.12	0.34	26.70	-0.13	1865		24,841935		35,367742		28.1	
11/2001	21.07	-0.78	24.51	-0.68	28.92	0.22	26.50	-0.27	1739		24,436667		28,546667		55.00	
12/2001	22.12	-0.97	24.70	-0.66	28.71	0.13	26.28	-0.44	1868		24,174194		31,541935		213.00	
1/2002	24.19	-0.52	25.25	-0.55	28.75	0.40	26.55	-0.16	2205		23,651613		31,848387		380.8	
2/2002	26.35	0.18	26.19	-0.36	28.70	0.50	26.85	-0.03	2272		23,685714		31,103571		239.9	
3/2002	27.15	0.58	27.35	0.07	28.70	0.38	27.40	0.04	2437		23,648387		31,583871		195.3	
4/2002	26.09	0.42	27.67	0.06	29.14	0.56	27.97	0.13	2611		23,713333		31,31		376.7	
5/2002	25.14	0.67	27.59	0.30	29.61	0.73	28.35	0.39	2760		24,041935		31,048387		262.9	
6/2002	23.66	0.51	27.27	0.64	29.63	0.73	28.50	0.77	2870		23,426667		31,386667		159.1	
7/2002	21.93	-0.12	26.35	0.54	29.61	0.77	28.09	0.79	2868		24,109677		32,680645		3.4	
8/2002	20.84	-0.27	25.76	0.53	29.48	0.71	27.82	0.86	2738		24,103226		33,996774		35.4	
9/2002	20.88	0.03	25.82	0.74	29.43	0.65	27.86	0.99	2480		24,446667		34,81		60.1	
10/2002	21.56	0.39	25.98	0.87	29.51	0.74	28.01	1.18	1969		24,219355		33,170968		216.1	
11/2002	22.63	0.79	26.35	1.16	29.66	0.96	28.14	1.37	1867		24,223333		32,95		81.2	
12/2002	23.59	0.50	26.45	1.09	29.47	0.89	28.01	1.29	2086		24,206452		30,970968		311.2	
1/2003	24.62	-0.10	26.43	0.63	28.97	0.62	27.44	0.73	2212		24,687097		32,006452		105.8	
2/2003	26.01	-0.17	26.95	0.41	28.89	0.68	27.55	0.67	2230		24,203571		31,496429		340.9	
3/2003	26.61	0.04	27.50	0.21	28.96	0.64	27.79	0.43	2321		23,829032		31,196774		209.2	
4/2003	25.14	-0.53	27.26	-0.35	29.06	0.48	27.83	-0.01	2497		23,643333		31,04		390.1	
5/2003	23.10	-1.37	26.59	-0.70	29.04	0.15	27.57	-0.39	2687		23,574194		31,47		219.6	
6/2003	22.17	-0.98	26.30	-0.33	29.18	0.29	27.65	-0.08	2808		23,67		32,283333		110.7	
7/2003	21.27	-0.78	26.05	0.23	29.18	0.33	27.57	0.26	2800		23,470968		32,774194		93.00	
8/2003	21.03	-0.08	25.46	0.22	29.08	0.32	27.18	0.22	2692		23,406452		33,112903		118.3	
9/2003	20.46	-0.40	25.16	0.09	29.13	0.35	27.10	0.23	2422		23,746667		33,896667		60.9	
10/2003	21.25	0.08	25.46	0.34	29.29	0.52	27.26	0.43	2018		24,745161		34,222581		96.9	
11/2003	21.89	0.04	25.83	0.64	29.24	0.54	27.20	0.42	1919		24,2		33,536667		119.6	
12/2003	23.08	-0.00	26.04	0.68	29.10	0.53	27.10	0.38	1916		24,219355		33,506667		89.9	
1/2004	24.75	0.04	26.20	0.41	28.85	0.50	26.95	0.24	2091		24,170968		32,122581		179.6	
2/2004	26.39	0.21	26.84	0.30	28.66	0.46	27.06	0.19	2213		23,662069		31,393103		150.6	
3/2004	25.88	-0.69	27.45	0.16	28.57	0.25	27.45	0.09	2282		23,458065		30,954839		424.2	
4/2004	25.46	-0.21	27.69	0.07	28.76	0.18	28.00	0.15	2493		23,59		31,836667		227.2	
5/2004	23.71	-0.77	27.07	-0.22	29.14	0.26	28.13	0.17	2643		23,641935		31,158065		422.9	
6/2004	22.55	-0.60	26.54	-0.09	29.22	0.33	27.93	0.20	2705		23,113333		31,72		120.2	
7/2004	21.11	-0.94	25.98	0.17	29.33	0.49	27.90	0.59	2648		23,151613		32,609677		59.6	
8/2004	20.55	-0.56	25.47	0.24	29.37	0.60	27.70	0.74	2526		23,303226		33,212903		141.3	
9/2004	20.70	-0.16	25.41	0.34	29.54	0.75	27.65	0.78	2281		23,616667		33,47		112.00	
10/2004	21.31	0.14	25.57	0.45	29.58	0.81	27.57	0.74	2030		24,125806		33,629032		66.00	
11/2004	22.43	0.59	25.78	0.59	29.56	0.86	27.49	0.71	1938		24,683333		34,69		13.3	
12/2004	23.46	0.38	26.01	0.65	29.51	0.93	27.46	0.74	2031		23,580645		32,829032		140.00	
1/2005	24.86	0.14	26.18	0.38	29.28	0.93	27.39	0.68	2151		23,974194		33,196774		165.7	
2/2005	25.49	-0.69	26.57	0.02	28.95	0.74	27.33	0.45	2246		23,821429		31,657143		331.5	
3/2005	25.72	-0.84	27.44	0.15	29.00	0.68	27.89	0.53	2493		23,709677		31,196774		334.00	
4/2005	25.43	-0.24	27.86	0.25	29.07	0.49	28.24	0.39	2653		23,836667		31,473333		404.8	
5/2005	24.28	-0.19	27.65	0.36	29.25	0.36	28.41	0.45	2779		24,032258		32,248387		225.5	
6/2005	22.56	-0.59	26.89	0.26	29.18	0.29	27.96	0.24	2789		23,973333		33,003333		53.5	
7/2005	21.67	-0.38	26.03	0.21	28.89	0.05	27.22	-0.09	2662		23,506452		32,945161		52.4	
8/2005	20.64	-0.47	25.42	0.19	28.93	0.17	27.02	0.06	2344		24		34,883871		16.2	
9/2005	20.10	-0.76	24.96	-0.12	29.01	0.22	26.90	0.03	1861		24,07		34,986667		45.9	
10/2005	20.06	-1.10	24.87	-0.24	29.02	0.24	26.81	-0.02	1542		24,548387		35,203226		75.2	
11/2005	20.81	-1.03	24.30	-0.89	28.69	-0.01	26.34	-0.43	1710		23,873333		33,746667		211.6	
12/2005	22.33	-0.75	24.32	-1.04	28.36	-0.22	26.01	-0.71	1980		23,432258		31,441935		291.8	
1/2006	24.54	-0.17	25.03	-0.77	27.94	-0.41	25.91	-0.80	2238		23,545161		32,335484		173.3	
2/2006	26.40	0.22	26.38	-0.16	27.65	-0.56	26.32	-0.56	2477		23,439286		31,085714		346.4	
3/2006	26.43	-0.14	27.06	-0.23	27.89	-0.43	26.83	-0.53	2619		23,7		31,535484		265.3	
4/2006	24.68	-0.99	27.44	-0.17	28.42	-0.16	27.67	-0.17	2680		23,53		31,193333		252.1	
5/2006	24.18	-0.29	27.35	0.06	28.96	0.07	27.96	-0.00	2803		23,493548		30,674194		382.1	
6/2006	22.98	-0.17	26.73	0.10	29.21	0.31	27.85	0.12	2874		23,243333		32,636667		87.00	
7/2006	22.05	-0.00	25.87	0.05	29.20	0.36	27.42	0.11	2782		23,403226		33,141935		71.6	
8/2006	21.77	0.66	25.62	0.39	29.25	0.49	27.30	0.34	2545		23,793548		34,36129		16.7	
9/2006	21.71	0.85	25.85	0.77	29.44	0.65	27.45	0.58	2132		23,953333		35,153333		32.8	
10/2006	22.07	0.90	26.05	0.93	29.48	0.70	27.53	0.70	1751		24,909677		35,393548		66.00	
11/2006	22.47	0.63	26.33	1.14	29.59	0.88	27.79	1.01	1766		23,376667		32,526667		294.00	
12/2006	23.69	0.61	26.50	1.14	29.46	0.89	27.81	1.09	2048		23,632258		32,887097		317.4	
1/2007	25.34	0.62	26.65	0.85	29.04	0.69	27.44	0.73	2235		23,270968		30,7		414.4	
2/2007	26.38	0.20	26.66	0.12	28.77	0.56	27.09	0.21	2345		24,228571		33,228571		137.7	
3/2007	26.32	-0.25	27.07	-0.22	28.81	0.49	27.37	0.01	2361		23,067742		31,254839		336.00	
4/2007	24.90	-0.77	27.23	-0.38	28.88	0.29	27.70	-0.15	2519		23,663333		31,3		343.1	
5/2007	23.28	-1.19	26.67	-0.62	29.04	0.15	27.71	-0.25	2710		23,832258		31,883871		165.3	
6/2007	21.82	-1.33	26.11	-0.52	29.00	0.11	27.58	-0.15	2806		23,286667		32,706667		100.2	
7/2007	21.24	-0.81	25.21	-0.60	28.89	0.04	27.00	-0.31	2778		23,490323		33,006452		121.9	
8/2007	20.20	-0.91	24.31	-0.92	28.65	-0.11	26.45	-0.51	2608		23,206452		32,996774		133.3	
9/2007	20.08	-0.78	24.01	-1.06	28.38	-0.41	26.01	-0.86	2178		23,746667		33,513333		71.7	
10/2007	19.69	-1.48	24.00	-1.11	28.23	-0.54	25.74	-1.09	1827		24,36129		34,435484		28.5	
11/2007	20.19	-1.66	23.99	-1.20	28.00	-0.71	25.58	-1.19	1860		24,32		33,91		226.2	
12/2007	21.63	-1.45	24.11	-1.25	27.81	-0.77	25.49	-1.24	2045		23,193548		31,596774		327.9	
1/2008	24.31	-0.40	24.55	-1.25	27.28	-1.07	25.21	-1.50	2275		23,293548		30,629032		397.4	
2/2008	26.45	0.27	25.51	-1.04	26.94	-1.26	25.41	-1.47	2435		23,141379		31,031034		298.8	
3/2008	26.87	0.31	26.69	-0.60	27.30	-1.02	26.27	-1.09	2572		22,777419		30,435484		553.00	
4/2008	25.69	0.01	27.28	-0.34	27.76	-0.83	26.99	-0.86	2668		23,353333		31,756667		345.4	
5/2008	24.46	-0.02	27.09	-0.20	28.09	-0.79	27.25	-0.71	2755		23,412903		30,651613		264.1	
6/2008	23.22	0.07	26.51	-0.12	28.12	-0.78	27.20	-0.53	2848		23,076667		31,706667		202.7	
7/2008	22.81	0.77	26.04	0.23	28.16	-0.69	27.05	-0.26	2804		23,467742		33,558065		80.2	
8/2008	21.86	0.76	25.61	0.38	28.19	-0.58	26.80	-0.16	2614		23,912903		34,351613		58.4	
9/2008	21.43	0.57	25.34	0.26	28.25	-0.54	26.63	-0.24	2220		23,88		33,29		56.00	
10/2008	21.23	0.06	25.29	0.17	28.31	-0.46	26.54	-0.29	1903		23,776667		32,746667		162.2	
11/2008	21.66	-0.19	25.14	-0.05	28.16	-0.54	26.42	-0.36	1900		23,693333		32,413333		280.8	
12/2008	22.90	-0.19	24.92	-0.43	27.96	-0.62	25.98	-0.75	2097		23,470968		31,948387		458.1	
1/2009	24.71	-0.01	25.32	-0.48	27.64	-0.70	25.80	-0.91	2353		23,132258		30,625806		310.8	
2/2009	25.84	-0.34	26.17	-0.38	27.63	-0.58	26.18	-0.70	2563		23,275		30,407143		457.9	
3/2009	26.10	-0.47	26.90	-0.38	27.98	-0.34	26.96	-0.40	2680		23,503226		31,077419		232.5	
4/2009	26.07	0.39	27.60	-0.01	28.56	-0.03	27.78	-0.07	2815		23,896667		31,773333		222.1	
5/2009	24.89	0.42	27.63	0.34	29.01	0.12	28.16	0.20	2899		23,922581		30,983871		114.00	
6/2009	23.92	0.77	27.23	0.60	29.23	0.34	28.15	0.42	2946		23,96		31,176667		165.8	
7/2009	22.98	0.94	26.52	0.71	29.25	0.41	27.86	0.55	2949		24,229032		33,064516		25.1	
8/2009	21.74	0.63	26.00	0.77	29.33	0.57	27.51	0.55	2797		25,351613		34,741935		5.4	
9/2009	21.17	0.31	25.77	0.70	29.50	0.72	27.50	0.63	2469		25,47		35,613333		4.2	
10/2009	21.21	0.04	25.84	0.72	29.78	1.00	27.76	0.93	1918		25,587097		35,348387		26.00	
11/2009	21.92	0.07	26.15	0.96	29.87	1.17	28.11	1.34	1718		25,906667		35,373333		132.3	
12/2009	23.15	0.06	26.36	1.00	29.72	1.15	28.15	1.43	1758		24,822581		32,180645		262.4	
1/2010	24.75	0.03	26.64	0.84	29.39	1.05	27.97	1.26	2114		24,5		31,951613		295.8	
2/2010	26.35	0.18	27.32	0.77	29.07	0.87	28.00	1.12	2249		24,839286		31,821429		352.5	
3/2010	26.70	0.13	27.87	0.58	29.14	0.82	28.24	0.89	2356		25,090323		33,480645		206.4	
4/2010	26.04	0.36	28.03	0.42	29.29	0.71	28.35	0.51	2523		24,32		31,503333		303.4	
5/2010	24.79	0.31	27.35	0.06	29.23	0.34	27.97	0.01	2735		24,774194		32,306452		165.1	
6/2010	23.18	0.03	26.22	-0.41	28.85	-0.04	27.28	-0.45	2788		24,266667		32,456667		119.1	
7/2010	21.22	-0.82	25.12	-0.69	28.34	-0.50	26.52	-0.79	2709		23,925806		32,374194		100.6	
8/2010	19.82	-1.29	24.34	-0.90	27.78	-0.98	25.80	-1.16	2460		24,358065		34,032258		54.8	
9/2010	19.60	-1.26	24.02	-1.06	27.60	-1.18	25.45	-1.42	2089		24,973333		35,266667		26.6	
10/2010	19.92	-1.24	24.03	-1.08	27.54	-1.23	25.46	-1.37	1494		24,567742		35,025806		116.9	
11/2010	20.53	-1.32	24.04	-1.15	27.54	-1.16	25.46	-1.32	1477		24,39		33,406897		140.6	
12/2010	22.24	-0.85	24.30	-1.06	27.47	-1.10	25.37	-1.35	1768		23,529032		32,403226		290.1	
1/2011	24.66	-0.05	24.66	-1.13	27.32	-1.03	25.24	-1.47	1952		23,545161		30,874194		226.8	
2/2011	26.29	0.11	25.86	-0.68	27.54	-0.66	25.82	-1.06	2177		23,307143		30,814286		493.3	
3/2011	25.93	-0.64	26.71	-0.58	27.94	-0.38	26.59	-0.77	2399		23,974194		31,16129		323.3	
4/2011	25.45	-0.22	27.42	-0.20	28.26	-0.33	27.29	-0.56	2577		23,683333		30,993333		515.9	
5/2011	24.52	0.05	27.06	-0.23	28.62	-0.26	27.62	-0.34	2755		24,674194		31,336667		222.4	
6/2011	23.49	0.34	26.65	0.03	28.68	-0.21	27.60	-0.13	2853		24,91		32,666667		121.3	
7/2011	22.08	0.04	25.74	-0.07	28.59	-0.25	27.10	-0.20	2822		24,941935		33,325806		20.2	
8/2011	20.69	-0.42	24.91	-0.32	28.31	-0.45	26.44	-0.52	2630		25,267742		34,796774		64.3	
9/2011	20.10	-0.76	24.50	-0.58	28.09	-0.70	26.08	-0.80	2088		24,876667		34,47		41.5	
10/2011	20.42	-0.75	24.23	-0.89	28.11	-0.67	25.97	-0.86	1722		24,964516		33,596774		283.7	
11/2011	21.05	-0.80	24.32	-0.87	27.96	-0.74	25.86	-0.91	1757		24,783333		32,81		272.8	
12/2011	22.04	-1.04	24.61	-0.75	27.78	-0.80	25.87	-0.85	1920		24,741935		32,683871		194.5	
1/2012	24.13	-0.58	25.38	-0.42	27.60	-0.75	25.93	-0.77	2230		23,890323		31,112903		365.2	
2/2012	26.32	0.15	26.41	-0.13	27.66	-0.54	26.28	-0.60	2515		23,906897		30,693103		288.7	
3/2012	26.66	0.09	27.29	0.00	27.85	-0.47	26.92	-0.44	2701		23,932258		30,893548		277.4	
4/2012	26.21	0.54	27.68	0.07	28.24	-0.35	27.40	-0.44	2846		24,62		31,623333		195.6	
5/2012	25.45	0.97	27.39	0.10	28.64	-0.25	27.64	-0.32	2971		24,648387		31,977419		167.8	
6/2012	24.39	1.24	26.89	0.26	28.82	-0.08	27.63	-0.10	2965		24,773333		32,54		85.4	
7/2012	22.51	0.46	26.34	0.52	28.81	-0.04	27.46	0.15	2867		24,496774		32,509677		83.00	
8/2012	21.53	0.42	25.71	0.48	28.89	0.12	27.25	0.29	2677		25,106452		34,045161		26.6	
9/2012	21.31	0.45	25.57	0.50	29.12	0.33	27.37	0.50	2202		25,11		34,553333		90.3	
10/2012	20.97	-0.20	25.33	0.21	29.20	0.42	27.28	0.45	1743		25,593548		34,393548		181.3	
11/2012	21.31	-0.53	25.28	0.09	29.12	0.41	27.10	0.33	1660		25,786667		34,116667		284.5	
12/2012	22.40	-0.68	24.90	-0.46	28.73	0.15	26.45	-0.27	1748		24,406452		31,63871		266.2	
1/2013	24.47	-0.25	25.11	-0.69	28.45	0.10	26.15	-0.56	2079		24,816129		32,325806		314.6	
2/2013	25.94	-0.23	26.03	-0.51	28.11	-0.09	26.39	-0.49	2336		24,132143		31,178571		342.1	
3/2013	26.07	-0.50	27.08	-0.21	27.96	-0.36	26.96	-0.40	2603		24,477419		31,287097		427.4	
4/2013	24.63	-1.04	27.43	-0.18	28.41	-0.18	27.70	-0.15	2741		24,883333		31,913333		420.6	
5/2013	23.45	-1.02	26.88	-0.41	28.70	-0.19	27.83	-0.13	2862		24,564516		31,932258		238.4	
6/2013	21.65	-1.50	26.01	-0.62	28.83	-0.06	27.49	-0.24	2927		25,483333		33,063333		32.3	
7/2013	20.63	-1.42	25.35	-0.47	28.71	-0.13	27.10	-0.21	2860		24,254839		32,183871		167.1	
8/2013	20.31	-0.80	24.76	-0.47	28.76	0.00	26.79	-0.17	2693		24,970968		33,145161		53.00	
9/2013	20.28	-0.58	24.75	-0.32	28.81	0.02	26.71	-0.17	2462		25,38		33,91		121.00	
10/2013	20.60	-0.57	24.97	-0.15	28.85	0.07	26.67	-0.16	2092		25,619355		34,287097		193.00	
11/2013	21.58	-0.27	25.06	-0.13	28.68	-0.03	26.63	-0.15	1980		24,453333		32,406667		312.2	
12/2013	22.83	-0.25	25.26	-0.10	28.53	-0.04	26.52	-0.20	2160		25,525806		33,245161		101.3	
1/2014	24.71	-0.01	25.43	-0.37	28.15	-0.20	26.12	-0.59	2275		24,996774		31,880645		253.3	
2/2014	25.74	-0.44	25.98	-0.56	28.23	0.03	26.16	-0.72	2396		24,228571		31,046429		245.4	
3/2014	26.26	-0.31	27.09	-0.20	28.44	0.12	26.89	-0.47	2562		24,403226		31,16129		527.7	
4/2014	25.56	-0.11	27.65	0.04	28.91	0.32	27.71	-0.13	2740		24,883333		31,96		255.00	
5/2014	25.16	0.68	27.67	0.38	29.16	0.28	28.01	0.05	2873		24,845161		31,493548		411.3	
6/2014	24.32	1.17	27.11	0.48	29.05	0.16	27.68	-0.05	2945		25,183333		32,336667		211.7	
7/2014	23.12	1.08	26.30	0.49	29.05	0.20	27.28	-0.03	2941		24,658065		32,470968		66.1	
8/2014	22.03	0.92	25.41	0.18	29.11	0.34	26.90	-0.06	2819		25,325806		33,996774		32.2	
9/2014	21.47	0.61	25.36	0.29	29.24	0.45	27.03	0.15	2518		26,25		35,953333		0.6	
10/2014	21.66	0.49	25.72	0.61	29.28	0.50	27.25	0.42	2119		24,741935		33,112903		190.9	
11/2014	22.39	0.55	26.03	0.84	29.37	0.66	27.52	0.74	2019		25,68		32,973333		196.00	
12/2014	23.36	0.27	26.07	0.71	29.33	0.75	27.40	0.67	2126		25,735484		32,851613		173.8	
