mom,cheia,nino12,nino3,nino34,nino4,precacum,tmaxmed,tminmed
1/1961,21.23,24.59,25.15,26.35,26.35,285.9,30.516129,22.693548
2/1961,22.53,26.46,26.24,26.51,26.51,332.3,30.010714,22.064286
3/1961,22.96,25.88,26.85,26.9,26.9,237.6,30.990323,23.032258
4/1961,24.29,25.04,27.45,27.36,27.36,353.0,31.193333,22.93
5/1961,25.64,23.68,27.08,27.72,27.72,327.5,30.919355,22.822581
6/1961,26.72,22.2,26.42,27.72,27.72,98.2,30.84,22.253333
7/1961,27.09,20.73,25.05,27.08,27.08,33.0,32.351613,21.780645
8/1961,26.07,20.02,24.27,26.29,26.29,6.9,34.470968,22.387097
9/1961,21.42,19.73,23.74,25.96,25.96,51.7,34.196667,22.576667
10/1961,16.45,20.26,23.88,25.87,25.87,123.0,31.835484,22.477419
11/1961,18.03,21.37,24.43,26.15,26.15,145.9,32.576667,22.396667
12/1961,19.62,22.42,24.7,26.15,26.15,353.1,30.503226,22.309677
1/1962,21.59,24.22,25.25,26.15,26.15,406.1,31.006452,22.412903
2/1962,22.85,25.29,26.03,26.28,26.28,399.4,30.321429,22.514286
3/1962,24.19,24.65,26.57,26.81,26.81,307.9,30.635484,22.574194
4/1962,25.85,23.7,26.67,27.22,27.22,299.0,30.116667,22.886667
5/1962,27.18,23.2,26.33,27.2,27.2,260.5,30.567742,22.751613
6/1962,28.11,21.97,25.84,27.19,27.19,108.5,30.82,21.94
7/1962,28.22,20.91,25.17,26.87,26.87,47.3,31.687097,22.283871
8/1962,27.2,20.24,24.73,26.4,26.4,34.0,33.080645,22.006452
9/1962,23.93,20.12,24.2,26.01,26.01,12.8,34.593333,22.973333
10/1962,18.28,20.18,24.27,26.11,26.11,125.4,33.6,23.312903
11/1962,18.25,20.94,24.13,25.87,25.87,107.6,31.936667,23.096667
12/1962,19.04,21.91,24.21,25.82,25.82,132.0,31.877419,23.245161
1/1963,17.86,23.98,24.93,25.94,25.94,265.1,30.529032,22.316129
2/1963,19.7,25.48,25.81,26.31,26.31,182.2,30.107143,22.414286
3/1963,22.54,25.83,26.92,27.15,27.15,239.5,30.296774,22.6
4/1963,24.8,24.34,27.52,27.76,27.76,313.3,30.67,22.806667
5/1963,26.48,23.89,27.02,27.59,27.59,243.3,31.248387,22.929032
6/1963,27.22,22.46,26.66,27.62,27.62,122.4,31.323333,22.536667
7/1963,26.62,21.73,26.28,27.78,27.78,46.7,32.551613,22.319355
8/1963,23.8,21.18,25.7,27.48,27.48,5.4,34.290323,23.041935
9/1963,18.92,20.88,25.42,27.44,27.44,45.3,35.123333,23.816667
10/1963,14.5,20.99,25.5,27.46,27.46,84.3,34.712903,24.145161
11/1963,15.15,21.32,25.67,27.43,27.43,239.6,31.916667,22.99
12/1963,17.76,22.41,25.96,27.56,27.56,184.3,31.154839,23.419355
1/1964,19.79,23.94,26.01,27.33,27.33,159.0,31.580645,23.851613
2/1964,18.67,24.93,26.34,27.21,27.21,140.3,31.055172,23.613793
3/1964,19.55,25.11,26.73,27.05,27.05,426.0,30.793548,23.029032
4/1964,22.57,24.47,26.39,27.05,27.05,295.3,31.01,23.006667
5/1964,24.82,22.2,25.69,27.01,27.01,268.1,30.254839,23.080645
6/1964,25.62,21.43,25.19,26.67,26.67,125.9,31.203333,22.583333
7/1964,25.77,20.2,24.75,26.28,26.28,61.6,31.970968,22.229032
8/1964,24.61,19.58,23.7,25.73,25.73,92.6,33.36129,22.787097
9/1964,22.42,19.71,23.93,25.51,25.51,40.7,33.553333,22.92
10/1964,20.35,19.68,23.94,25.54,25.54,135.2,33.106452,22.954839
11/1964,19.07,20.91,24.05,25.43,25.43,231.0,32.633333,23.046667
12/1964,19.21,21.72,23.86,25.42,25.42,312.2,30.709677,22.654839
1/1965,19.45,23.89,24.76,25.78,25.78,169.5,30.496774,22.948387
2/1965,20.6,25.84,25.94,26.33,26.33,247.7,30.7,22.803571
3/1965,21.28,26.35,26.94,26.98,26.98,532.5,29.548387,22.9
4/1965,24.09,26.48,27.49,27.49,27.49,284.2,30.036667,23.006667
5/1965,25.79,25.74,27.56,27.97,27.97,268.9,30.145161,23.016129
6/1965,26.52,24.17,27.12,28.09,28.09,64.2,31.353333,22.786667
7/1965,26.05,22.98,26.48,27.94,27.94,45.7,32.093548,22.564516
8/1965,24.5,22.23,26.09,27.88,27.88,3.4,33.674194,23.003226
9/1965,20.93,21.1,25.92,27.92,27.92,13.6,34.726667,24.096667
10/1965,17.81,21.31,26.13,28.14,28.14,138.6,34.351613,24.551613
11/1965,16.86,21.92,26.31,28.06,28.06,76.8,32.28,24.18
12/1965,19.65,23.11,26.42,27.9,27.9,196.0,31.641935,23.903226
1/1966,20.81,25.0,26.59,27.66,27.66,273.3,30.564516,23.667742
2/1966,22.08,25.8,26.82,27.53,27.53,178.1,30.964286,23.689286
3/1966,22.97,25.39,27.21,28.1,28.1,172.9,30.809677,23.374194
4/1966,24.1,24.44,27.41,28.14,28.14,292.6,30.866667,23.53
5/1966,25.23,23.07,26.4,27.66,27.66,359.1,30.696774,23.374194
6/1966,26.26,21.79,26.01,27.75,27.75,161.6,31.27,23.18
7/1966,25.58,20.78,25.37,27.27,27.27,122.2,31.929032,23.180645
8/1966,23.49,20.09,24.52,26.57,26.57,110.4,32.651613,22.851613
9/1966,20.31,19.88,24.21,26.45,26.45,103.4,32.423333,23.07
10/1966,17.76,20.49,24.41,26.41,26.41,29.5,34.103226,23.670968
11/1966,17.04,21.0,24.32,26.39,26.39,318.5,31.633333,23.33
12/1966,18.51,22.41,24.29,26.16,26.16,222.3,31.13871,23.332258
1/1967,20.88,23.78,25.08,26.05,26.05,301.6,29.535484,22.96129
2/1967,23.9,25.59,26.09,26.22,26.22,249.2,29.903571,23.010714
3/1967,25.15,25.37,26.43,26.51,26.51,435.0,30.080645,22.970968
4/1967,26.06,24.99,26.58,26.84,26.84,495.4,30.51,23.093333
5/1967,27.12,23.9,26.75,27.43,27.43,204.3,30.816129,23.367742
6/1967,27.85,22.22,26.4,27.57,27.57,124.4,31.386667,23.043333
7/1967,27.49,21.16,25.28,27.01,27.01,34.2,32.087097,22.632258
8/1967,26.21,20.11,24.31,26.49,26.49,2.6,33.751613,23.074194
9/1967,23.29,19.27,23.72,25.97,25.97,6.7,35.096667,23.306667
10/1967,17.64,19.46,23.81,26.08,26.08,11.2,34.296774,23.903226
11/1967,17.77,20.07,23.97,26.15,26.15,131.9,32.506667,23.696667
12/1967,18.56,21.2,24.13,25.98,25.98,123.1,32.635484,23.774194
1/1968,19.76,23.19,24.37,25.73,25.73,282.2,30.46129,22.790323
2/1968,21.65,24.92,24.93,25.7,25.7,182.6,30.793103,23.251724
3/1968,22.64,25.15,25.85,26.27,26.27,632.8,30.012903,22.470968
4/1968,24.26,24.22,26.63,27.08,27.08,302.6,30.463333,23.136667
5/1968,26.6,22.86,26.25,27.31,27.31,427.3,29.254839,22.487097
6/1968,26.85,21.93,26.36,27.91,27.91,128.1,31.06,22.833333
7/1968,25.96,21.4,25.96,27.56,27.56,102.5,31.9,22.477419
8/1968,24.7,20.91,25.26,26.98,26.98,41.9,32.722581,23.077419
9/1968,23.05,21.1,24.96,26.75,26.75,242.8,31.813333,23.266667
10/1968,22.36,20.8,25.05,26.73,26.73,37.5,33.164516,23.829032
11/1968,21.28,21.44,25.25,27.2,27.2,265.8,31.403333,23.336667
12/1968,21.76,22.99,25.71,27.2,27.2,195.1,31.406452,23.364516
1/1969,21.34,24.58,26.16,27.4,27.4,257.7,31.403226,23.364516
2/1969,22.6,25.64,26.79,27.75,27.75,195.4,31.628571,23.892857
3/1969,23.65,26.97,27.53,27.87,27.87,386.6,32.170968,23.793548
4/1969,25.36,26.5,27.84,28.2,28.2,512.6,31.606667,23.756667
5/1969,27.15,25.79,27.83,28.31,28.31,321.8,31.603226,23.96129
6/1969,27.14,24.13,26.96,27.9,27.9,96.9,32.213333,23.873333
7/1969,26.37,22.41,25.84,27.26,27.26,87.6,31.33871,22.580645
8/1969,24.21,20.97,25.45,27.16,27.16,51.4,32.751613,23.141935
9/1969,21.01,20.83,25.43,27.23,27.23,26.3,34.076667,24.336667
10/1969,18.29,21.68,25.61,27.4,27.4,81.8,33.432258,24.332258
11/1969,17.67,22.32,25.71,27.21,27.21,112.4,33.293333,24.613333
12/1969,17.79,23.48,25.95,27.15,27.15,181.7,30.596774,23.7
1/1970,20.33,24.97,26.19,26.99,26.99,386.7,30.632258,23.322581
2/1970,22.58,25.85,26.56,27.12,27.12,326.2,30.589286,23.45
3/1970,24.55,25.58,26.94,27.38,27.38,382.9,30.251613,23.454839
4/1970,26.19,25.04,27.25,27.89,27.89,403.2,29.953333,23.55
5/1970,27.69,23.14,26.54,27.77,27.77,184.5,31.03871,23.532258
6/1970,28.24,21.55,25.4,27.15,27.15,132.0,31.13,23.22
7/1970,27.99,20.02,24.04,26.4,26.4,68.4,31.429032,22.9
8/1970,26.6,19.29,23.46,25.7,25.7,42.7,33.054839,23.206452
9/1970,23.84,19.38,23.75,25.71,25.71,96.2,32.78,23.223333
10/1970,21.1,20.02,23.72,25.61,25.61,98.8,33.825806,24.148387
11/1970,18.57,20.6,23.76,25.62,25.62,179.6,31.686667,23.156667
12/1970,18.54,21.9,24.02,25.38,25.38,143.4,32.058065,23.558065
1/1971,20.3,23.38,24.22,24.96,24.96,287.8,29.522581,22.541935
2/1971,23.33,24.71,24.92,25.34,25.34,367.6,29.596429,22.496429
3/1971,25.27,25.29,26.0,26.04,26.04,352.4,29.941935,23.048387
4/1971,27.16,25.08,26.61,26.69,26.69,418.9,30.09,22.896667
5/1971,28.22,23.53,26.28,27.05,27.05,316.4,29.935484,22.990323
6/1971,28.95,21.77,25.49,26.66,26.66,146.4,30.506667,23.016667
7/1971,28.91,21.1,24.81,26.31,26.31,36.1,31.641935,23.241935
8/1971,27.82,19.83,24.01,25.97,25.97,8.5,32.712903,23.483871
9/1971,25.66,19.49,24.04,25.84,25.84,40.5,33.336667,23.56
10/1971,22.31,19.81,23.77,25.67,25.67,182.3,32.254839,23.419355
11/1971,21.32,20.97,23.97,25.8,25.8,261.9,31.57,23.733333
12/1971,22.07,21.89,23.87,25.52,25.52,94.3,32.593548,23.687097
1/1972,21.91,24.26,24.99,25.77,25.77,197.7,29.793548,22.916129
2/1972,24.36,26.57,25.93,26.33,26.33,381.7,29.682759,22.57931
3/1972,25.89,26.95,26.94,27.13,27.13,163.7,30.387097,23.174194
4/1972,26.66,26.19,27.58,27.89,27.89,341.2,30.53,23.413333
5/1972,27.87,25.12,27.47,28.28,28.28,166.8,31.074194,23.745161
6/1972,28.64,24.67,27.16,28.22,28.22,125.5,31.146667,23.573333
7/1972,28.33,23.92,26.97,28.15,28.15,73.7,31.819355,23.541935
8/1972,27.01,23.33,26.71,27.98,27.98,45.7,32.564516,23.454839
9/1972,24.91,22.01,26.34,27.98,27.98,72.4,33.613333,24.093333
10/1972,22.05,22.4,26.73,28.35,28.35,94.2,33.606452,24.151613
11/1972,20.12,23.0,27.01,28.58,28.58,73.8,32.876667,24.493333
12/1972,20.98,24.48,27.32,28.56,28.56,169.1,32.064516,24.241935
1/1973,22.34,25.74,27.27,28.2,28.2,192.7,31.429032,24.06129
2/1973,22.78,26.29,27.22,27.92,27.92,274.7,30.714286,24.071429
3/1973,23.91,26.32,27.39,27.7,27.7,291.3,31.167742,24.174194
4/1973,25.33,25.12,26.95,27.54,27.54,191.7,31.0,24.123333
5/1973,26.93,23.68,26.19,27.16,27.16,439.9,30.041935,23.441935
6/1973,28.19,21.98,25.48,26.78,26.78,87.4,31.476667,23.68
7/1973,28.43,20.94,24.35,25.99,25.99,143.3,31.464516,23.406452
8/1973,27.69,19.58,23.72,25.52,25.52,108.6,32.422581,23.409677
9/1973,26.1,19.5,23.52,25.2,25.2,86.1,32.323333,23.396667
10/1973,24.02,19.83,23.4,24.89,24.89,181.8,32.683871,23.835484
11/1973,21.63,20.66,23.45,24.52,24.52,308.7,32.336667,24.003333
12/1973,22.34,21.91,23.65,24.57,24.57,220.9,30.925806,23.183871
1/1974,23.32,23.56,24.1,24.71,24.71,313.1,30.732258,23.087097
2/1974,24.31,25.08,25.23,25.22,25.22,196.9,30.167857,22.867857
3/1974,25.38,25.81,26.3,25.94,25.94,247.5,30.1,23.090323
4/1974,26.57,25.27,26.86,26.64,26.64,524.5,30.946667,23.27
5/1974,27.52,24.33,26.49,26.78,26.78,257.8,30.612903,22.983871
6/1974,28.15,22.49,25.88,26.64,26.64,172.1,30.64,23.293333
7/1974,28.29,21.49,25.32,26.47,26.47,66.0,31.290323,22.706452
8/1974,27.56,20.56,24.87,26.41,26.41,26.7,33.13871,23.512903
9/1974,25.67,20.16,24.46,26.25,26.25,68.4,32.153333,23.243333
10/1974,23.4,19.99,24.16,25.92,25.92,24.4,33.122581,24.206452
11/1974,22.34,20.85,24.21,25.78,25.78,194.9,31.973333,23.993333
12/1974,21.99,21.66,24.4,25.81,25.81,285.1,30.26129,23.280645
1/1975,22.91,23.55,25.25,26.21,26.21,329.5,30.254839,23.035484
2/1975,24.28,25.17,25.68,26.17,26.17,358.7,29.7,22.792857
3/1975,25.52,26.11,26.37,26.38,26.38,396.1,30.064516,22.903333
4/1975,26.84,25.41,27.02,27.02,27.02,232.0,30.086667,23.366667
5/1975,27.95,23.66,26.33,27.06,27.06,246.3,30.580645,23.129032
6/1975,28.96,22.0,25.37,26.48,26.48,97.8,30.623333,22.933333
7/1975,28.96,21.15,24.76,26.15,26.15,203.2,29.774194,21.758065
8/1975,28.22,20.11,24.17,25.54,25.54,56.6,32.112903,22.919355
9/1975,26.58,19.34,23.72,25.24,25.24,36.4,33.136667,23.683333
10/1975,23.24,19.28,23.55,25.06,25.06,55.0,33.483871,23.890323
11/1975,19.95,19.63,23.73,25.19,25.19,99.9,32.433333,23.933333
12/1975,20.02,21.11,23.56,24.87,24.87,213.6,31.119355,23.151613
1/1976,22.11,23.53,23.94,24.78,24.78,294.3,29.325806,22.629032
2/1976,24.3,25.43,25.32,25.57,25.57,545.6,30.034483,22.551724
3/1976,25.33,26.04,26.55,26.58,26.58,457.4,29.409677,22.845161
4/1976,27.51,25.78,26.92,27.06,27.06,211.1,29.846667,23.356667
5/1976,28.95,24.98,26.91,27.34,27.34,90.2,30.829032,23.525806
6/1976,29.54,24.21,26.83,27.37,27.37,61.7,30.973333,23.163333
7/1976,29.17,23.33,26.15,27.16,27.16,32.6,31.774194,22.909677
8/1976,27.55,21.9,25.8,26.96,26.96,37.4,33.345161,23.612903
9/1976,24.2,21.56,25.64,27.03,27.03,29.5,34.38,24.463333
10/1976,19.92,21.43,25.88,27.5,27.5,123.0,33.322581,24.609677
11/1976,18.38,22.0,25.83,27.39,27.39,157.0,32.513333,24.246667
12/1976,19.51,23.32,25.84,27.26,27.26,176.3,31.445161,23.874194
1/1977,21.27,24.92,26.47,27.37,27.37,196.7,31.164516,23.780645
2/1977,21.41,25.77,26.94,27.22,27.22,262.4,29.614286,22.110714
3/1977,23.06,26.02,27.49,27.56,27.56,332.1,29.645161,22.196774
4/1977,25.53,25.31,27.06,27.64,27.64,266.7,29.956667,22.596667
5/1977,27.39,23.87,27.02,27.95,27.95,240.3,29.658065,22.322581
6/1977,28.34,22.94,26.53,27.93,27.93,78.4,30.6,21.833333
7/1977,28.25,21.67,25.59,27.51,27.51,17.4,31.809677,22.070968
8/1977,26.73,20.29,24.76,26.91,26.91,42.9,33.53871,22.351613
9/1977,23.42,19.87,24.89,27.08,27.08,77.0,33.226667,22.536667
10/1977,20.84,20.43,25.24,27.32,27.32,190.8,32.019355,22.66129
11/1977,21.62,21.28,25.31,27.28,27.28,84.7,32.6,23.18
12/1977,22.33,22.46,25.55,27.36,27.36,227.3,30.632258,22.809677
1/1978,23.41,24.45,25.87,27.24,27.24,295.4,30.370968,22.616129
2/1978,23.44,25.76,26.45,27.13,27.13,203.5,30.439286,22.939286
3/1978,24.34,25.57,26.87,27.19,27.19,404.1,30.593548,22.564516
4/1978,25.63,24.92,26.77,27.21,27.21,229.4,30.87,23.14
5/1978,27.24,23.39,26.3,27.41,27.41,268.5,30.812903,23.274194
6/1978,28.02,22.11,25.77,27.15,27.15,89.3,30.9,22.57
7/1978,27.83,21.14,25.07,26.77,26.77,108.5,30.935484,22.26129
8/1978,26.25,19.98,24.25,26.17,26.17,50.4,31.66129,21.6
9/1978,23.14,20.0,24.3,26.12,26.12,161.0,32.453333,22.65
10/1978,20.55,20.13,24.64,26.3,26.3,115.6,32.712903,23.116129
11/1978,20.37,21.68,24.88,26.42,26.42,45.7,32.613333,23.403333
12/1978,20.76,22.93,25.25,26.57,26.57,126.0,30.825806,22.948387
1/1979,22.86,24.97,25.39,26.48,26.48,312.0,30.625926,22.592593
2/1979,22.62,25.74,26.17,26.59,26.59,86.0,30.92381,23.080952
3/1979,23.06,26.07,27.27,27.41,27.41,195.4,30864,23172
4/1979,25.54,25.63,27.76,27.93,27.93,300.2,31.409091,23.292308
5/1979,27.39,24.52,27.34,27.88,27.88,78.8,31.6,22.813636
6/1979,28.12,23.29,26.63,27.59,27.59,65.7,30.641379,22.686207
7/1979,27.66,21.92,25.66,27.05,27.05,10.3,,
8/1979,24.96,21.08,25.3,26.85,26.85,0.0,,
9/1979,21.05,21.01,25.6,27.14,27.14,83.2,32.75,23.241667
10/1979,18.0,21.4,25.5,26.92,26.92,230.1,32.830769,23.430769
11/1979,18.13,21.77,25.64,27.1,27.1,48.7,32.909524,23.92381
12/1979,19.06,22.81,25.73,27.18,27.18,154.4,31.052381,23.133333
1/1980,20.67,24.57,26.18,27.15,27.15,92.5,30.726316,22.947368
2/1980,21.08,25.84,26.57,27.1,27.1,77.7,32.586667,23.26
3/1980,20.81,26.59,27.12,27.38,27.38,217.1,31.5,23.126923
4/1980,22.96,25.73,27.51,27.86,27.86,211.4,31.273913,23.004348
5/1980,24.79,24.49,27.31,28.15,28.15,53.8,32.053571,23.332143
6/1980,25.85,22.96,26.83,28.04,28.04,79.4,31516,22796
7/1980,25.55,21.2,25.71,27.47,27.47,23.9,31.769231,22.507692
8/1980,23.31,20.66,24.98,26.74,26.74,31.2,32.521739,22.726087
9/1980,19.44,20.41,24.88,26.63,26.63,31.6,32.9,23.04
10/1980,17.88,20.7,24.69,26.57,26.57,141.1,31.809091,22.813636
11/1980,19.63,21.45,25.07,26.69,26.69,149.7,31.49375,23.05625
12/1980,20.48,22.49,25.34,26.81,26.81,190.2,31.051852,23.037037
1/1981,20.73,23.28,25.17,26.39,26.39,162.5,29.95,22.536667
2/1981,21.8,25.15,25.71,26.28,26.28,164.9,30.3375,21.8875
3/1981,23.82,26.19,26.72,26.8,26.8,197.1,31.904167,22.879167
4/1981,25.3,25.1,27.16,27.42,27.42,229.3,31.8125,23.3125
5/1981,26.22,23.92,26.83,27.52,27.52,121.1,31552,23436
6/1981,26.74,22.78,26.32,27.42,27.42,51.5,31.318182,23.204545
7/1981,26.59,21.26,25.37,26.79,26.79,34.0,31.026923,21.95
8/1981,25.14,20.24,24.57,26.45,26.45,68.0,31.67619,22.4
9/1981,21.37,20.32,24.79,26.57,26.57,155.1,30.961905,22.166667
10/1981,18.1,20.75,24.9,26.53,26.53,47.8,32584,23572
11/1981,17.34,21.5,24.85,26.45,26.45,325.9,31.486364,23.359091
12/1981,18.41,22.85,25.31,26.56,26.56,114.7,31.4125,23.308333
1/1982,21.87,24.62,26.0,26.84,26.84,299.1,29.918182,23.054545
2/1982,23.65,25.63,26.51,26.69,26.69,79.8,,
3/1982,24.86,25.66,27.24,27.52,27.52,59.5,,
4/1982,26.34,25.09,27.72,28.13,28.13,134.0,30.51,22905
5/1982,28.04,24.33,27.74,28.46,28.46,254.2,30956,23.04
6/1982,28.88,23.42,27.23,28.33,28.33,16.8,31.8,23.141667
7/1982,28.35,22.47,26.29,27.76,27.76,30.7,32.295455,22.7
8/1982,26.48,21.92,26.08,27.67,27.67,2.0,33.178947,23.036842
9/1982,23.43,22.16,26.71,28.23,28.23,67.7,33.666667,23.64
10/1982,19.52,22.78,27.21,28.67,28.67,4.2,33.742105,23.847368
11/1982,18.67,24.5,27.54,28.68,28.68,72.4,,
12/1982,20.67,25.91,28.04,28.87,28.87,238.3,30.070588,23.511765
1/1983,22.45,27.2,28.47,28.82,28.82,32.6,33.467742,24.780645
2/1983,22.8,28.16,28.63,28.68,28.68,107.5,32.85,25.060714
3/1983,23.01,29.0,28.85,28.72,28.72,418.2,32.306452,24.774194
4/1983,24.33,28.94,29.09,28.83,28.83,192.4,31.616667,23.88
5/1983,25.97,28.27,28.95,28.89,28.89,171.5,32.525806,24.190323
6/1983,26.35,27.24,28.13,28.33,28.33,99.4,31.456667,23.356667
7/1983,25.14,25.84,26.76,27.25,27.25,134.1,32.745161,23.251613
8/1983,21.46,24.01,26.0,26.76,26.76,134.6,31.764516,23.3
9/1983,18.98,22.37,25.3,26.42,26.42,99.2,32.563333,23.463333
10/1983,17.61,22.24,24.73,25.89,25.89,195.8,30.480645,23.429032
11/1983,18.16,22.38,24.42,25.74,25.74,69.5,31.423333,23.603333
12/1983,19.66,23.26,24.73,25.87,25.87,372.1,29.593548,23.06129
1/1984,22.03,24.4,25.31,26.08,26.08,268.0,29.854839,22.580645
2/1984,23.5,25.44,26.46,26.72,26.72,341.0,29.344828,22.244828
3/1984,25.21,26.06,27.12,26.98,26.98,223.4,30.367742,23.277419
4/1984,26.08,25.61,27.23,27.3,27.3,333.3,30.246667,23.3
5/1984,27.22,23.78,26.49,27.42,27.42,271.9,30.622581,22.993548
6/1984,27.93,22.46,25.65,27.07,27.07,94.2,31.38,22.806667
7/1984,27.69,21.68,25.19,26.96,26.96,93.0,31.548387,22.464516
8/1984,26.3,20.73,24.84,26.68,26.68,62.8,32.048387,22.745161
9/1984,23.57,20.78,24.68,26.47,26.47,135.5,32.066667,23.0
10/1984,20.49,20.76,24.43,26.18,26.18,123.2,32.254839,23.487097
11/1984,19.88,21.69,24.25,25.64,25.64,100.4,32.526667,23.646667
12/1984,20.44,22.68,24.18,25.45,25.45,148.1,31.280645,23.758065
1/1985,22.98,23.95,24.65,25.67,25.67,269.7,30.345161,23.170968
2/1985,23.49,25.13,25.76,26.23,26.23,318.1,30725,22.935714
3/1985,23.11,25.82,26.5,26.65,26.65,280.9,31.2,23.493548
4/1985,23.43,24.41,26.67,26.85,26.85,145.3,31.99,23.44
5/1985,24.37,23.02,26.4,27.11,27.11,346.4,30.7,23.03871
6/1985,25.8,22.23,25.78,26.97,26.97,150.9,30.546667,22.443333
7/1985,25.98,20.92,24.91,26.8,26.8,103.4,30.96129,22.93871
8/1985,24.9,20.04,24.38,26.45,26.45,63.1,32.254839,22.754839
9/1985,23.28,19.89,24.2,26.18,26.18,65.9,32.656667,23.573333
10/1985,20.83,20.28,24.34,26.38,26.38,161.7,32.825806,24.032258
11/1985,20.12,21.16,24.51,26.49,26.49,136.9,31.28,23.6
12/1985,21.21,22.71,24.62,26.37,26.37,391.4,30.648387,23.503226
1/1986,21.78,24.61,24.92,26.12,26.12,267.1,30.122581,23.090323
2/1986,22.48,26.01,26.02,26.25,26.25,294.9,29.985714,23.121429
3/1986,24.22,25.9,26.99,27.02,27.02,304.4,30.151613,23.0
4/1986,25.7,24.91,27.32,27.63,27.63,279.5,31.063333,23.403333
5/1986,26.83,23.45,26.73,27.64,27.64,203.6,31.0,23.509677
6/1986,27.62,22.17,26.25,27.57,27.57,102.8,30.563333,22.776667
7/1986,28.05,21.52,25.73,27.27,27.27,183.9,30.470968,22.277419
8/1986,27.04,21.05,25.29,27.22,27.22,1.6,33.458065,23.609677
9/1986,23.94,21.15,25.26,27.37,27.37,71.1,31.996667,23.54
10/1986,21.65,21.3,25.51,27.56,27.56,214.6,31.496774,23.535484
11/1986,22.43,22.07,25.83,27.66,27.66,321.8,31.083333,23.46
12/1986,23.22,23.5,26.09,27.69,27.69,246.9,31.358065,23.441935
1/1987,23.44,25.66,26.7,27.74,27.74,291.5,29.587097,22.83871
2/1987,24.11,27.01,27.54,27.97,27.97,289.1,30.396429,23.442857
3/1987,25.31,27.95,28.33,28.47,28.47,277.6,31.264516,23.654839
4/1987,26.27,26.91,28.5,28.66,28.66,291.2,31.065517,22.765517
5/1987,27.55,25.85,28.14,28.6,28.6,167.8,31.177419,23.419355
6/1987,27.81,24.15,27.52,28.61,28.61,28.2,31.023333,22.87
7/1987,26.9,23.15,26.98,28.54,28.54,20.7,32.941935,23.767742
8/1987,24.6,22.0,26.62,28.42,28.42,76.8,32.767742,23.748387
9/1987,21.39,21.91,26.61,28.38,28.38,64.6,33.956667,24.36
10/1987,18.58,22.6,26.26,28.07,28.07,46.3,34.035484,24.693548
11/1987,18.23,22.83,26.2,27.86,27.86,128.3,33.063333,24.133333
12/1987,19.67,23.54,26.34,27.63,27.63,195.2,31.893548,24.445161
1/1988,21.51,24.85,26.51,27.5,27.5,269.7,30.656667,22.386667
2/1988,23.4,25.83,26.6,27.11,27.11,546.0,30.844828,23.324138
3/1988,24.81,25.86,27.24,27.4,27.4,265.6,31.567742,23.787097
4/1988,25.17,25.08,27.19,27.53,27.53,254.7,30.893333,23.47
5/1988,26.56,23.69,26.13,26.96,26.96,297.7,30.432258,23.732258
6/1988,27.56,21.87,24.89,26.27,26.27,229.1,29.93,22.696667
7/1988,27.53,20.73,24.03,25.75,25.75,82.3,31.248387,23.280645
8/1988,25.98,19.81,23.8,25.73,25.73,35.6,32.887097,23.658065
9/1988,21.43,19.73,24.01,25.8,25.8,110.6,33.27,24.0
10/1988,18.09,20.01,23.63,25.01,25.01,111.5,32.890323,23.577419
11/1988,18.76,20.94,23.66,24.84,24.84,226.9,31.731818,22.603333
12/1988,21.33,22.22,23.85,24.88,24.88,412.1,31.570968,22.712903
1/1989,22.11,24.29,24.43,24.81,24.81,292.0,30.474194,22.625806
2/1989,24.16,25.98,25.58,25.43,25.43,417.0,28325,22.560714
3/1989,26.09,26.31,26.31,26.2,26.2,252.2,29.86129,22.435484
4/1989,27.4,25.39,26.8,26.79,26.79,370.8,29.883333,23.17
5/1989,28.27,23.46,26.58,27.19,27.19,555.1,29.312903,22.667742
6/1989,29.18,22.21,26.4,27.21,27.21,184.5,30.15,22.77
7/1989,29.24,21.36,25.44,26.86,26.86,157.5,29.348387,22.187097
8/1989,28.16,20.74,24.84,26.47,26.47,15.8,32.332258,23.46129
9/1989,25.55,20.18,24.76,26.5,26.5,136.4,32.686667,23.333333
10/1989,21.55,20.72,24.69,26.41,26.41,185.6,31.612903,23.280645
11/1989,21.74,21.62,24.67,26.32,26.32,326.4,31.823333,23.516667
12/1989,20.83,22.64,24.95,26.61,26.61,220.1,31.663333,24.034483
1/1990,18.9,24.27,25.49,26.68,26.68,234.3,30.525806,23.122581
2/1990,22.41,26.2,26.52,27.0,27.0,190.0,30.307143,23.114286
3/1990,24.92,26.27,26.98,27.37,27.37,299.2,30.548387,23.070968
4/1990,26.3,25.12,27.53,27.89,27.89,236.4,30.343333,22.91
5/1990,27.56,24.07,27.44,28.05,28.05,244.6,31.2,23.33871
6/1990,28.16,22.78,26.67,27.72,27.72,89.3,31.296667,23.236667
7/1990,27.78,21.4,25.9,27.51,27.51,114.1,,
8/1990,26.49,20.71,25.3,27.12,27.12,72.3,,
9/1990,23.27,20.15,25.16,27.03,27.03,22.8,,
10/1990,18.2,20.43,24.99,27.08,27.08,56.0,,
11/1990,17.35,21.32,25.02,26.89,26.89,116.9,,
12/1990,20.42,22.73,25.28,27.04,27.04,167.3,,
1/1991,22.97,24.31,25.84,27.12,27.12,278.5,29.951613,23.025806
2/1991,23.6,25.97,26.44,27.18,27.18,223.8,30.603571,23.335714
3/1991,23.79,26.44,27.11,27.44,27.44,309.2,29.964516,23.119355
4/1991,25.35,25.45,27.65,28.13,28.13,342.9,30.506667,22.79
5/1991,26.93,24.23,27.57,28.29,28.29,322.2,30.241935,23.135484
6/1991,27.88,23.12,27.28,28.27,28.27,137.9,30.84,23.546667
7/1991,27.97,22.52,26.66,28.09,28.09,173.9,30.854839,23.032258
8/1991,26.91,21.46,25.82,27.72,27.72,55.4,31.72,22912
9/1991,23.41,21.36,25.36,27.35,27.35,39.0,32.536667,23.27
10/1991,18.41,21.72,25.69,27.71,27.71,79.4,32.812903,23.63871
11/1991,16.63,22.42,26.08,27.98,27.98,37.9,33.723333,24.183333
12/1991,18.25,23.72,26.46,28.29,28.29,137.9,32.06129,24.158065
1/1992,19.04,25.15,26.98,28.4,28.4,236.5,32.051613,23.880645
2/1992,19.56,26.87,27.57,28.52,28.52,262.7,31.227586,23.544828
3/1992,21.34,27.61,28.16,28.65,28.65,347.8,30.354839,23.06129
4/1992,24.23,27.38,28.67,29.04,29.04,218.6,31.47,23.65
5/1992,25.28,26.33,28.39,29.0,29.0,118.8,32.16129,23.690323
6/1992,25.06,24.05,27.29,28.51,28.51,61.0,32.083333,23.17
7/1992,23.81,22.18,25.91,27.76,27.76,90.3,31.587097,22.477419
8/1992,22.07,21.08,25.22,27.1,27.1,100.3,31.26129,22.229032
9/1992,20.34,21.05,24.99,26.86,26.86,90.0,33.04,23.653333
10/1992,18.79,21.27,24.88,26.67,26.67,87.4,32.483871,23.56129
11/1992,17.84,21.78,24.92,26.68,26.68,71.2,32.226667,23.69
12/1992,20.06,22.95,25.16,26.75,26.75,265.6,30.306452,22.867742
1/1993,22.72,24.68,25.7,26.87,26.87,436.5,30.248387,22.754839
2/1993,24.06,26.42,26.87,27.24,27.24,617.4,29.889286,22425
3/1993,25.51,26.88,27.64,27.78,27.78,229.3,30.103226,22.73871
4/1993,27.24,26.6,28.43,28.62,28.62,370.3,30.176667,22.893333
5/1993,28.25,25.44,28.31,28.87,28.87,96.8,31.248387,23.251613
6/1993,28.7,24.07,27.12,28.28,28.28,61.5,31.37,23.276667
7/1993,28.16,22.69,26.08,27.59,27.59,34.6,31.390323,22.793548
8/1993,26.28,21.52,25.36,27.03,27.03,47.7,31.751613,22.945161
9/1993,23.3,21.05,25.25,27.19,27.19,21.9,33.236667,23.86
10/1993,20.39,21.58,25.28,27.03,27.03,99.8,32.222581,23.312903
11/1993,20.43,22.1,25.23,26.89,26.89,256.3,31.153333,23.143333
12/1993,22.95,23.14,25.44,26.93,26.93,251.3,30.954839,23.109677
1/1994,24.28,24.64,25.96,26.86,26.86,371.1,29.9,22.490323
2/1994,25.2,25.93,26.46,27.0,27.0,399.5,29.753571,22.685714
3/1994,26.1,25.83,26.98,27.49,27.49,259.5,30.587097,23.067742
4/1994,27.11,24.82,27.38,28.17,28.17,258.7,30.72,23.036667
5/1994,28.12,23.79,27.27,28.36,28.36,174.2,30.622581,23.0
6/1994,28.93,22.53,26.62,28.08,28.08,125.2,30.226667,22.746667
7/1994,28.81,21.39,25.65,27.64,27.64,33.0,31.245161,22.858065
8/1994,27.5,20.37,25.03,27.44,27.44,96.7,32.322581,22.887097
9/1994,25.28,20.6,24.97,27.13,27.13,62.6,32.816667,23.65
10/1994,22.11,21.79,25.54,27.44,27.44,91.8,33.080645,23.703226
11/1994,19.68,22.32,25.98,27.87,27.87,207.3,32.753333,23.416667
12/1994,20.34,23.77,26.16,27.94,27.94,222.5,31.219355,23.151613
1/1995,21.88,25.39,26.52,27.68,27.68,286.0,31.019355,22.99375
2/1995,21.96,26.22,26.92,27.58,27.58,132.0,30.971429,23.496429
3/1995,22.35,26.2,27.23,27.8,27.8,301.4,31.096774,23.03871
4/1995,24.09,24.77,27.33,28.17,28.17,480.5,30.593333,22.94
5/1995,25.86,23.6,26.81,28.0,28.0,217.5,30.770968,23.164516
6/1995,26.99,22.53,26.36,27.77,27.77,107.0,30.846667,23.153333
7/1995,26.87,21.37,25.5,27.2,27.2,76.9,32.322581,23.545161
8/1995,24.75,20.61,24.46,26.5,26.5,34.2,33.532258,24.393548
9/1995,18.76,20.48,24.11,26.11,26.11,72.4,33.6,24.443333
10/1995,15.56,20.61,24.22,25.96,25.96,81.0,33.509677,24.235484
11/1995,16.4,21.63,24.23,25.79,25.79,312.0,31.273333,23.34
12/1995,19.92,22.28,24.42,25.82,25.82,160.5,31.480645,23.319355
1/1996,21.85,24.02,25.03,25.87,25.87,571.3,29.941935,22.606452
2/1996,23.35,25.77,25.85,26.07,26.07,257.6,30.224138,22.827586
3/1996,25.44,26.32,26.86,26.76,26.76,338.1,30.635484,23.13871
4/1996,26.63,24.33,27.0,27.52,27.52,428.5,30.05,23.08
5/1996,27.6,23.42,26.71,27.75,27.75,127.5,30.916129,23.532258
6/1996,28.45,21.69,26.05,27.54,27.54,185.1,30.593333,22.373333
7/1996,28.18,21.0,25.39,27.1,27.1,16.9,31.6,22.774194
8/1996,26.54,20.24,24.89,26.79,26.79,65.0,32.122581,23.383871
9/1996,23.15,20.29,24.62,26.5,26.5,114.0,33.056667,23.926667
10/1996,19.43,20.52,24.58,26.48,26.48,186.0,32.570968,23.870968
11/1996,19.58,20.76,24.65,26.42,26.42,163.0,32.346667,23.71
12/1996,20.67,21.9,24.43,26.15,26.15,142.2,31.36129,23.558065
1/1997,21.76,23.94,24.97,26.16,26.16,220.6,30.180645,23.267742
2/1997,22.82,26.16,25.83,26.49,26.49,344.5,30.042857,22.892857
3/1997,25.06,27.07,26.91,27.03,27.03,534.9,29.893548,23.012903
4/1997,27.08,26.5,27.53,28.01,28.01,310.8,30.673333,23.486667
5/1997,28.33,26.4,27.9,28.52,28.52,252.2,30.925806,23.706452
6/1997,28.83,25.92,28.02,28.82,28.82,9.5,32.146667,24.2
7/1997,27.75,25.36,27.74,28.75,28.75,0.0,33.3,24.554839
8/1997,25.34,24.7,27.59,28.7,28.7,111.5,32.993548,23.690323
9/1997,20.06,24.52,27.65,28.85,28.85,40.5,35.2,24.423333
10/1997,15.35,24.67,28.01,29.08,29.08,60.9,35.83871,24.758065
11/1997,15.15,25.76,28.29,29.11,29.11,182.3,33.153333,23.956667
12/1997,17.76,27.02,28.44,28.96,28.96,261.5,32.096774,23.790323
1/1998,20.03,28.01,28.67,28.93,28.93,302.6,31.3,23.174194
2/1998,21.14,28.83,28.82,28.77,28.77,171.7,32.271429,23.553571
3/1998,22.41,29.12,29.15,28.68,28.68,210.8,31.493548,23.096774
4/1998,24.02,28.23,29.24,28.72,28.72,407.2,31.296667,22.43
5/1998,26.2,27.18,28.68,28.63,28.63,273.4,31.019355,22.490323
6/1998,27.32,25.33,27.11,27.57,27.57,167.2,31.276667,21.903333
7/1998,27.4,23.41,25.71,26.55,26.55,92.0,31.945161,22.225806
8/1998,25.55,22.11,24.76,25.82,25.82,41.8,33.087097,22.016129
9/1998,20.83,21.25,24.24,25.72,25.72,115.6,32.793333,21.886667
10/1998,16.26,21.56,24.36,25.55,25.55,73.5,33.306452,22.516129
11/1998,16.98,21.64,24.59,25.57,25.57,153.6,32.026667,21.97
12/1998,19.87,23.01,24.45,25.2,25.2,191.0,32.577419,21.722581
1/1999,20.78,24.18,24.74,25.13,25.13,411.6,30.277419,21.03871
2/1999,23.91,25.71,25.81,25.64,25.64,260.8,30.232143,20.796429
3/1999,26.11,26.18,26.88,26.51,26.51,233.2,30.374194,20.612903
4/1999,26.98,24.66,26.95,26.97,26.97,421.2,30.546667,20.866667
5/1999,28.42,23.84,26.58,27.05,27.05,445.4,30.112903,20.935484
6/1999,29.23,22.41,25.81,26.7,26.7,149.3,31.17,20.983333
7/1999,29.02,21.78,25.11,26.36,26.36,25.3,31.693548,21.174194
8/1999,27.78,20.86,24.44,25.85,25.85,40.6,32.587097,21.590323
9/1999,24.79,19.84,24.07,25.88,25.88,98.8,32.976667,21.953333
10/1999,19.87,20.22,23.89,25.7,25.7,132.3,33.532258,22.025806
11/1999,17.45,20.51,23.8,25.34,25.34,203.5,33.016667,22.726667
12/1999,18.06,22.29,23.9,25.12,25.12,198.3,32.432258,22.670968
1/2000,20.45,23.8,24.23,25.0,25.0,350.2,30.825806,21.816129
2/2000,21.91,25.47,25.51,25.42,25.42,344.4,30.534483,21.644828
3/2000,23.38,25.83,26.81,26.35,26.35,340.7,30.406452,21.858065
4/2000,25.48,25.42,27.41,27.01,27.01,535.4,30.436667,21.49
5/2000,27.36,24.21,26.89,27.22,27.22,172.6,31.458065,22.287097
6/2000,28.43,22.72,26.06,27.07,27.07,48.2,32.543333,21.953333
7/2000,28.43,21.64,25.23,26.75,26.75,40.8,31.96129,21.848387
8/2000,27.35,20.31,24.68,26.43,26.43,140.0,32.983871,22.454839
9/2000,24.87,20.57,24.64,26.34,26.34,218.1,33.28,22.806667
10/2000,21.5,20.78,24.62,26.08,26.08,47.2,33.564516,22.922581
11/2000,19.83,20.84,24.57,26.02,26.02,169.7,33.846667,22.546667
12/2000,19.05,22.18,24.78,25.88,25.88,192.3,32.332258,22.283871
1/2001,20.63,24.15,25.4,25.98,25.98,348.4,29.929032,20.767742
2/2001,23.37,25.72,26.31,26.31,26.31,219.5,31.271429,22.132143
3/2001,25.03,26.73,27.32,26.96,26.96,216.8,31.66129,23.480645
4/2001,26.55,26.0,27.54,27.46,27.46,188.2,31.413333,23.49
5/2001,27.52,24.06,27.22,27.75,27.75,231.6,32.270968,24.012903
6/2001,28.11,22.75,26.5,27.66,27.66,164.1,30.463333,22.536667
7/2001,27.72,21.48,25.69,27.38,27.38,30.6,32.287097,23.077419
8/2001,26.06,20.3,24.99,26.88,26.88,14.9,34.525806,23.712903
9/2001,22.59,19.98,24.51,26.71,26.71,88.2,34.01,23.53
10/2001,18.65,20.13,24.64,26.7,26.7,28.1,35.367742,24.841935
11/2001,17.39,21.07,24.51,26.5,26.5,55.0,28.546667,24.436667
12/2001,18.68,22.12,24.7,26.28,26.28,213.0,31.541935,24.174194
1/2002,22.05,24.19,25.25,26.55,26.55,380.8,31.848387,23.651613
2/2002,22.72,26.35,26.19,26.85,26.85,239.9,31.103571,23.685714
3/2002,24.37,27.15,27.35,27.4,27.4,195.3,31.583871,23.648387
4/2002,26.11,26.09,27.67,27.97,27.97,376.7,31.31,23.713333
5/2002,27.6,25.14,27.59,28.35,28.35,262.9,31.048387,24.041935
6/2002,28.7,23.66,27.27,28.5,28.5,159.1,31.386667,23.426667
7/2002,28.68,21.93,26.35,28.09,28.09,3.4,32.680645,24.109677
8/2002,27.38,20.84,25.76,27.82,27.82,35.4,33.996774,24.103226
9/2002,24.8,20.88,25.82,27.86,27.86,60.1,34.81,24.446667
10/2002,19.69,21.56,25.98,28.01,28.01,216.1,33.170968,24.219355
11/2002,18.67,22.63,26.35,28.14,28.14,81.2,32.95,24.223333
12/2002,20.86,23.59,26.45,28.01,28.01,311.2,30.970968,24.206452
1/2003,22.12,24.62,26.43,27.44,27.44,105.8,32.006452,24.687097
2/2003,22.3,26.01,26.95,27.55,27.55,340.9,31.496429,24.203571
3/2003,23.21,26.61,27.5,27.79,27.79,209.2,31.196774,23.829032
4/2003,24.97,25.14,27.26,27.83,27.83,390.1,31.04,23.643333
5/2003,26.87,23.1,26.59,27.57,27.57,219.6,31.47,23.574194
6/2003,28.08,22.17,26.3,27.65,27.65,110.7,32.283333,23.67
7/2003,28.0,21.27,26.05,27.57,27.57,93.0,32.774194,23.470968
8/2003,26.92,21.03,25.46,27.18,27.18,118.3,33.112903,23.406452
9/2003,24.22,20.46,25.16,27.1,27.1,60.9,33.896667,23.746667
10/2003,20.18,21.25,25.46,27.26,27.26,96.9,34.222581,24.745161
11/2003,19.19,21.89,25.83,27.2,27.2,119.6,33.536667,24.2
12/2003,19.16,23.08,26.04,27.1,27.1,89.9,33.506667,24.219355
1/2004,20.91,24.75,26.2,26.95,26.95,179.6,32.122581,24.170968
2/2004,22.13,26.39,26.84,27.06,27.06,150.6,31.393103,23.662069
3/2004,22.82,25.88,27.45,27.45,27.45,424.2,30.954839,23.458065
4/2004,24.93,25.46,27.69,28.0,28.0,227.2,31.836667,23.59
5/2004,26.43,23.71,27.07,28.13,28.13,422.9,31.158065,23.641935
6/2004,27.05,22.55,26.54,27.93,27.93,120.2,31.72,23.113333
7/2004,26.48,21.11,25.98,27.9,27.9,59.6,32.609677,23.151613
8/2004,25.26,20.55,25.47,27.7,27.7,141.3,33.212903,23.303226
9/2004,22.81,20.7,25.41,27.65,27.65,112.0,33.47,23.616667
10/2004,20.3,21.31,25.57,27.57,27.57,66.0,33.629032,24.125806
11/2004,19.38,22.43,25.78,27.49,27.49,13.3,34.69,24.683333
12/2004,20.31,23.46,26.01,27.46,27.46,140.0,32.829032,23.580645
1/2005,21.51,24.86,26.18,27.39,27.39,165.7,33.196774,23.974194
2/2005,22.46,25.49,26.57,27.33,27.33,331.5,31.657143,23.821429
3/2005,24.93,25.72,27.44,27.89,27.89,334.0,31.196774,23.709677
4/2005,26.53,25.43,27.86,28.24,28.24,404.8,31.473333,23.836667
5/2005,27.79,24.28,27.65,28.41,28.41,225.5,32.248387,24.032258
6/2005,27.89,22.56,26.89,27.96,27.96,53.5,33.003333,23.973333
7/2005,26.62,21.67,26.03,27.22,27.22,52.4,32.945161,23.506452
8/2005,23.44,20.64,25.42,27.02,27.02,16.2,34.883871,24.0
9/2005,18.61,20.1,24.96,26.9,26.9,45.9,34.986667,24.07
10/2005,15.42,20.06,24.87,26.81,26.81,75.2,35.203226,24.548387
11/2005,17.1,20.81,24.3,26.34,26.34,211.6,33.746667,23.873333
12/2005,19.8,22.33,24.32,26.01,26.01,291.8,31.441935,23.432258
1/2006,22.38,24.54,25.03,25.91,25.91,173.3,32.335484,23.545161
2/2006,24.77,26.4,26.38,26.32,26.32,346.4,31.085714,23.439286
3/2006,26.19,26.43,27.06,26.83,26.83,265.3,31.535484,23.7
4/2006,26.8,24.68,27.44,27.67,27.67,252.1,31.193333,23.53
5/2006,28.03,24.18,27.35,27.96,27.96,382.1,30.674194,23.493548
6/2006,28.74,22.98,26.73,27.85,27.85,87.0,32.636667,23.243333
7/2006,27.82,22.05,25.87,27.42,27.42,71.6,33.141935,23.403226
8/2006,25.45,21.77,25.62,27.3,27.3,16.7,34.36129,23.793548
9/2006,21.32,21.71,25.85,27.45,27.45,32.8,35.153333,23.953333
10/2006,17.51,22.07,26.05,27.53,27.53,66.0,35.393548,24.909677
11/2006,17.66,22.47,26.33,27.79,27.79,294.0,32.526667,23.376667
12/2006,20.48,23.69,26.5,27.81,27.81,317.4,32.887097,23.632258
1/2007,22.35,25.34,26.65,27.44,27.44,414.4,30.7,23.270968
2/2007,23.45,26.38,26.66,27.09,27.09,137.7,33.228571,24.228571
3/2007,23.61,26.32,27.07,27.37,27.37,336.0,31.254839,23.067742
4/2007,25.19,24.9,27.23,27.7,27.7,343.1,31.3,23.663333
5/2007,27.1,23.28,26.67,27.71,27.71,165.3,31.883871,23.832258
6/2007,28.06,21.82,26.11,27.58,27.58,100.2,32.706667,23.286667
7/2007,27.78,21.24,25.21,27.0,27.0,121.9,33.006452,23.490323
8/2007,26.08,20.2,24.31,26.45,26.45,133.3,32.996774,23.206452
9/2007,21.78,20.08,24.01,26.01,26.01,71.7,33.513333,23.746667
10/2007,18.27,19.69,24.0,25.74,25.74,28.5,34.435484,24.36129
11/2007,18.6,20.19,23.99,25.58,25.58,226.2,33.91,24.32
12/2007,20.45,21.63,24.11,25.49,25.49,327.9,31.596774,23.193548
1/2008,22.75,24.31,24.55,25.21,25.21,397.4,30.629032,23.293548
2/2008,24.35,26.45,25.51,25.41,25.41,298.8,31.031034,23.141379
3/2008,25.72,26.87,26.69,26.27,26.27,553.0,30.435484,22.777419
4/2008,26.68,25.69,27.28,26.99,26.99,345.4,31.756667,23.353333
5/2008,27.55,24.46,27.09,27.25,27.25,264.1,30.651613,23.412903
6/2008,28.48,23.22,26.51,27.2,27.2,202.7,31.706667,23.076667
7/2008,28.04,22.81,26.04,27.05,27.05,80.2,33.558065,23.467742
8/2008,26.14,21.86,25.61,26.8,26.8,58.4,34.351613,23.912903
9/2008,22.2,21.43,25.34,26.63,26.63,56.0,33.29,23.88
10/2008,19.03,21.23,25.29,26.54,26.54,162.2,32.746667,23.776667
11/2008,19.0,21.66,25.14,26.42,26.42,280.8,32.413333,23.693333
12/2008,20.97,22.9,24.92,25.98,25.98,458.1,31.948387,23.470968
1/2009,23.53,24.71,25.32,25.8,25.8,310.8,30.625806,23.132258
2/2009,25.63,25.84,26.17,26.18,26.18,457.9,30.407143,23275
3/2009,26.8,26.1,26.9,26.96,26.96,232.5,31.077419,23.503226
4/2009,28.15,26.07,27.6,27.78,27.78,222.1,31.773333,23.896667
5/2009,28.99,24.89,27.63,28.16,28.16,114.0,30.983871,23.922581
6/2009,29.46,23.92,27.23,28.15,28.15,165.8,31.176667,23.96
7/2009,29.49,22.98,26.52,27.86,27.86,25.1,33.064516,24.229032
8/2009,27.97,21.74,26.0,27.51,27.51,5.4,34.741935,25.351613
9/2009,24.69,21.17,25.77,27.5,27.5,4.2,35.613333,25.47
10/2009,19.18,21.21,25.84,27.76,27.76,26.0,35.348387,25.587097
11/2009,17.18,21.92,26.15,28.11,28.11,132.3,35.373333,25.906667
12/2009,17.58,23.15,26.36,28.15,28.15,262.4,32.180645,24.822581
1/2010,21.14,24.75,26.64,27.97,27.97,295.8,31.951613,24.5
2/2010,22.49,26.35,27.32,28.0,28.0,352.5,31.821429,24.839286
3/2010,23.56,26.7,27.87,28.24,28.24,206.4,33.480645,25.090323
4/2010,25.23,26.04,28.03,28.35,28.35,303.4,31.503333,24.32
5/2010,27.35,24.79,27.35,27.97,27.97,165.1,32.306452,24.774194
6/2010,27.88,23.18,26.22,27.28,27.28,119.1,32.456667,24.266667
7/2010,27.09,21.22,25.12,26.52,26.52,100.6,32.374194,23.925806
8/2010,24.6,19.82,24.34,25.8,25.8,54.8,34.032258,24.358065
9/2010,20.89,19.6,24.02,25.45,25.45,26.6,35.266667,24.973333
10/2010,14.94,19.92,24.03,25.46,25.46,116.9,35.025806,24.567742
11/2010,14.77,20.53,24.04,25.46,25.46,140.6,33.406897,24.39
12/2010,17.68,22.24,24.3,25.37,25.37,290.1,32.403226,23.529032
1/2011,19.52,24.66,24.66,25.24,25.24,226.8,30.874194,23.545161
2/2011,21.77,26.29,25.86,25.82,25.82,493.3,30.814286,23.307143
3/2011,23.99,25.93,26.71,26.59,26.59,323.3,31.16129,23.974194
4/2011,25.77,25.45,27.42,27.29,27.29,515.9,30.993333,23.683333
5/2011,27.55,24.52,27.06,27.62,27.62,222.4,31.336667,24.674194
6/2011,28.53,23.49,26.65,27.6,27.6,121.3,32.666667,24.91
7/2011,28.22,22.08,25.74,27.1,27.1,20.2,33.325806,24.941935
8/2011,26.3,20.69,24.91,26.44,26.44,64.3,34.796774,25.267742
9/2011,20.88,20.1,24.5,26.08,26.08,41.5,34.47,24.876667
10/2011,17.22,20.42,24.23,25.97,25.97,283.7,33.596774,24.964516
11/2011,17.57,21.05,24.32,25.86,25.86,272.8,32.81,24.783333
12/2011,19.2,22.04,24.61,25.87,25.87,194.5,32.683871,24.741935
1/2012,22.3,24.13,25.38,25.93,25.93,365.2,31.112903,23.890323
2/2012,25.15,26.32,26.41,26.28,26.28,288.7,30.693103,23.906897
3/2012,27.01,26.66,27.29,26.92,26.92,277.4,30.893548,23.932258
4/2012,28.46,26.21,27.68,27.4,27.4,195.6,31.623333,24.62
5/2012,29.71,25.45,27.39,27.64,27.64,167.8,31.977419,24.648387
6/2012,29.65,24.39,26.89,27.63,27.63,85.4,32.54,24.773333
7/2012,28.67,22.51,26.34,27.46,27.46,83.0,32.509677,24.496774
8/2012,26.77,21.53,25.71,27.25,27.25,26.6,34.045161,25.106452
9/2012,22.02,21.31,25.57,27.37,27.37,90.3,34.553333,25.11
10/2012,17.43,20.97,25.33,27.28,27.28,181.3,34.393548,25.593548
11/2012,16.6,21.31,25.28,27.1,27.1,284.5,34.116667,25.786667
12/2012,17.48,22.4,24.9,26.45,26.45,266.2,31.63871,24.406452
1/2013,20.79,24.47,25.11,26.15,26.15,314.6,32.325806,24.816129
2/2013,23.36,25.94,26.03,26.39,26.39,342.1,31.178571,24.132143
3/2013,26.03,26.07,27.08,26.96,26.96,427.4,31.287097,24.477419
4/2013,27.41,24.63,27.43,27.7,27.7,420.6,31.913333,24.883333
5/2013,28.62,23.45,26.88,27.83,27.83,238.4,31.932258,24.564516
6/2013,29.27,21.65,26.01,27.49,27.49,32.3,33.063333,25.483333
7/2013,28.6,20.63,25.35,27.1,27.1,167.1,32.183871,24.254839
8/2013,26.93,20.31,24.76,26.79,26.79,53.0,33.145161,24.970968
9/2013,24.62,20.28,24.75,26.71,26.71,121.0,33.91,25.38
10/2013,20.92,20.6,24.97,26.67,26.67,193.0,34.287097,25.619355
11/2013,19.8,21.58,25.06,26.63,26.63,312.2,32.406667,24.453333
12/2013,21.6,22.83,25.26,26.52,26.52,101.3,33.245161,25.525806
1/2014,22.75,24.71,25.43,26.12,26.12,253.3,31.880645,24.996774
2/2014,23.96,25.74,25.98,26.16,26.16,245.4,31.046429,24.228571
3/2014,25.62,26.26,27.09,26.89,26.89,527.7,31.16129,24.403226
4/2014,27.4,25.56,27.65,27.71,27.71,255.0,31.96,24.883333
5/2014,28.73,25.16,27.67,28.01,28.01,411.3,31.493548,24.845161
6/2014,29.45,24.32,27.11,27.68,27.68,211.7,32.336667,25.183333
7/2014,29.41,23.12,26.3,27.28,27.28,66.1,32.470968,24.658065
8/2014,28.19,22.03,25.41,26.9,26.9,32.2,33.996774,25.325806
9/2014,25.18,21.47,25.36,27.03,27.03,0.6,35.953333,26.25
10/2014,21.19,21.66,25.72,27.25,27.25,190.9,33.112903,24.741935
11/2014,20.19,22.39,26.03,27.52,27.52,196.0,32.973333,25.68
12/2014,21.26,23.36,26.07,27.4,27.4,173.8,32.851613,25.735484
